Record #,Speaker,Session,Orthography,Child,start_seconds,end_seconds,Situation,GRASP,Morphology,SpeechAct,ClauseType,UttGoals,SubQ,SubI,Comments,FollowUp?,TagType,ToAdults?,uttid
1,Mother,William020109,we'll sit at the table .,William,0.0,1.575,[],[1|3|SUBJ 2|3|AUX] [3|0|ROOT] [4|3|JCT] [5|6|DET] [6|4|POBJ 7|3|PUNCT],[pro:sub|we~mod|will] [v|sit] [prep|at] [det:art|the] [n|table .],,,,,,,,,,MotherofWilliam_William020109_1
2,Mother,William020109,and (t:t:self interruption),William,0.0,0.0,[],[1|0|INCROOT 2|1|PUNCT],[coord|and (mt:self interruption)],,,,,,,,,,MotherofWilliam_William020109_2
3,Mother,William020109,"cmon (replacement:replacement:come on) , come this way , I have (t:t:self interruption)",William,0.0,0.0,[],[1|0|ROOT 2|1|JCT 3|1|LP] [4|1|ENUM] [5|6|DET] [6|9|JCT 7|6|LP] [8|9|SUBJ] [9|4|COMP 10|1|PUNCT],[v|come adv|on cm|cm] [v|come] [pro:dem|this] [n|way cm|cm] [pro:sub|I] [v|have (mt:self interruption)],,,,,,,,,,MotherofWilliam_William020109_3
4,Mother,William020109,I have all your colors .,William,1.575,4.848,[],[1|2|SUBJ] [2|0|ROOT] [3|5|QUANT] [4|5|MOD] [5|2|OBJ 6|2|PUNCT],[pro:sub|I] [v|have] [qn|all] [det:poss|your] [n|color-PL .],,,,,,,,,,MotherofWilliam_William020109_4
5,Mother,William020109,"no William , we're not coloring other things .",William,4.848,6.048,[],[1|2|COM] [2|0|ROOT 3|2|LP] [4|7|SUBJ 5|7|AUX] [6|5|NEG] [7|2|XJCT] [8|9|QUANT] [9|7|OBJ 10|2|PUNCT],[co|no] [n:prop|William cm|cm] [pro:sub|we~aux|be&PRES] [neg|not] [part|color-PRESP] [qn|other] [n|thing-PL .],,,,,,,,,,MotherofWilliam_William020109_5
6,William,William020109,yyy color .,William,6.048,8.251,[],[] [1|0|INCROOT 2|1|PUNCT],[] [n|color .],,,,,,,,,,WilliamofWilliam_William020109_6
7,Mother,William020109,"no baby , we're not color (t:t:trail off)",William,0.0,0.0,[],[1|2|QUANT] [2|7|JCT 3|2|LP] [4|7|SUBJ 5|7|AUX] [6|5|NEG] [7|0|ROOT 8|7|PUNCT],[qn|no] [n|baby cm|cm] [pro:sub|we~aux|be&PRES] [neg|not] [v|color (mt:trail off)],,,,,,,,,,MotherofWilliam_William020109_7
8,William,William020109,yyy color .,William,8.251,11.921,[],[] [1|0|INCROOT 2|1|PUNCT],[] [n|color .],,,,,,,,,,WilliamofWilliam_William020109_8
9,Mother,William020109,"you can color , you can (t:t:self interruption)",William,0.0,0.0,[],[1|3|SUBJ] [2|3|AUX] [3|0|INCROOT 4|3|LP] [5|6|SUBJ] [6|3|ENUM 7|3|PUNCT],[pro:per|you] [mod|can] [n|color cm|cm] [pro:per|you] [mod|can (mt:self interruption)],,,,,,,,,,MotherofWilliam_William020109_9
10,Mother,William020109,but you have_to color on paper .,William,0.0,0.0,[],[1|4|LINK] [2|4|SUBJ] [3|4|AUX] [4|0|ROOT] [5|4|JCT] [6|5|POBJ 7|4|PUNCT],[conj|but] [pro:per|you] [mod:aux|have_to] [v|color] [prep|on] [n|paper .],,,,,,,,,,MotherofWilliam_William020109_10
11,Mother,William020109,not on the floor .,William,11.921,13.711,[],[1|0|INCROOT] [2|1|JCT] [3|4|DET] [4|2|POBJ 5|1|PUNCT],[neg|not] [prep|on] [det:art|the] [n|floor .],,,,,,,,,,MotherofWilliam_William020109_11
12,Mother,William020109,okay ?,William,13.711,15.111,[],[1|0|INCROOT 2|1|PUNCT],[co|okay ?],,,,,,,,,,MotherofWilliam_William020109_12
13,Mother,William020109,that's not what we're doing .,William,15.111,17.305,[],[1|2|SUBJ 2|0|ROOT] [3|2|NEG] [4|7|LINK] [5|7|SUBJ 6|7|AUX] [7|2|PRED 8|2|PUNCT],[pro:dem|that~cop|be&3S] [neg|not] [pro:int|what] [pro:sub|we~aux|be&PRES] [part|do-PRESP .],,,,,,,,,,MotherofWilliam_William020109_13
14,Mother,William020109,"you sit here , I know you love to color , an<d> I'm very happy about that , an<d> I'm (t:t:trail off)",William,17.305,22.055,[],[1|2|SUBJ] [2|0|ROOT] [3|2|JCT 4|2|LP] [5|6|SUBJ] [6|2|COMP] [7|8|SUBJ] [8|6|COMP] [9|8|JCT] [10|9|POBJ 11|8|LP] [12|8|CONJ] [13|16|SUBJ 14|16|AUX] [15|16|JCT] [16|12|COORD] [17|16|JCT] [18|17|POBJ 19|17|LP] [20|22|LINK] [21|22|SUBJ 22|17|POBJ 23|2|PUNCT],[pro:per|you] [v|sit] [adv|here cm|cm] [pro:sub|I] [v|know] [pro:per|you] [v|love] [prep|to] [n|color cm|cm] [coord|and] [pro:sub|I~aux|be&1S] [adv|very] [adj|happy] [prep|about] [pro:dem|that cm|cm] [coord|and] [pro:sub|I~aux|be&1S (mt:trail off)],,,,,,,,,,MotherofWilliam_William020109_14
15,Mother,William020109,happy to let you color .,William,22.055,23.661,[],[1|0|INCROOT] [2|3|INF] [3|1|XCOMP] [4|3|OBJ] [5|3|XCOMP 6|1|PUNCT],[adj|happy] [inf|to] [v|let&ZERO] [pro:per|you] [v|color .],,,,,,,,,,MotherofWilliam_William020109_15
16,Mother,William020109,but (t:t:trail off),William,23.661,26.968,[],[1|0|INCROOT 2|1|PUNCT],[conj|but (mt:trail off)],,,,,,,,,,MotherofWilliam_William020109_16
17,Mother,William020109,"you do color on paper , okay ?",William,26.968,30.12,[],[1|2|SUBJ] [2|0|ROOT] [3|2|OBJ] [4|2|JCT] [5|4|POBJ 6|2|LP] [7|2|COM 8|2|PUNCT],[pro:per|you] [v|do] [n|color] [prep|on] [n|paper cm|cm] [co|okay ?],,,,,,,,,,MotherofWilliam_William020109_17
18,Mother,William020109,"yes , I know , you really enjoy it , and I'm (t:t:self interruption)",William,0.0,0.0,[],[1|4|COM 2|1|LP] [3|4|SUBJ] [4|0|ROOT 5|4|LP] [6|8|SUBJ] [7|8|JCT] [8|4|COMP] [9|8|OBJ 10|8|LP] [11|8|CONJ] [12|13|SUBJ 13|11|COORD 14|4|PUNCT],[co|yes cm|cm] [pro:sub|I] [v|know cm|cm] [pro:per|you] [adv|real&dadj-LY] [v|enjoy] [pro:per|it cm|cm] [coord|and] [pro:sub|I~aux|be&1S (mt:self interruption)],,,,,,,,,,MotherofWilliam_William020109_18
19,Mother,William020109,I'm xxx (t:t:self interruption),William,0.0,0.0,[],[1|2|SUBJ 2|0|ROOT] [3|2|PUNCT],[pro:sub|I~cop|be&1S] [(mt:self interruption)],,,,,,,,,,MotherofWilliam_William020109_19
20,Mother,William020109,"I'm glad , for that .",William,30.12,34.651,[],[1|2|SUBJ 2|0|ROOT] [3|2|PRED 4|2|LP] [5|2|JCT] [6|5|POBJ 7|2|PUNCT],[pro:sub|I~cop|be&1S] [adj|glad cm|cm] [prep|for] [pro:dem|that .],,,,,,,,,,MotherofWilliam_William020109_20
21,Mother,William020109,here .,William,34.651,35.318,[],[1|0|INCROOT 2|1|PUNCT],[adv|here .],,,,,,,,,,MotherofWilliam_William020109_21
22,Mother,William020109,here you go .,William,35.318,36.985,[],[1|3|JCT] [2|3|SUBJ] [3|0|ROOT 4|3|PUNCT],[adv|here] [pro:per|you] [v|go .],,,,,,,,,,MotherofWilliam_William020109_22
23,Mother,William020109,<e>xcuse me .,William,36.985,37.843,[],[1|0|ROOT] [2|1|OBJ 3|1|PUNCT],[v|excuse] [pro:obj|me .],,,,,,,,,,MotherofWilliam_William020109_23
24,Mother,William020109,this is where I want you to color William .,William,37.843,41.518,[],[1|2|SUBJ] [2|0|ROOT] [3|5|LINK] [4|5|SUBJ] [5|2|CMOD] [6|5|OBJ] [7|5|JCT] [8|9|MOD] [9|7|POBJ 10|2|PUNCT],[pro:dem|this] [cop|be&3S] [pro:rel|where] [pro:sub|I] [v|want] [pro:per|you] [prep|to] [n|color] [n:prop|William .],,,,,,,,,,MotherofWilliam_William020109_24
25,Mother,William020109,"I'll getcha (replacement:replacement:get you) that easel , downstairs , we'll get it fixed an<d> bring it up .",William,41.518,48.778,[],[1|14|SUBJ 2|14|AUX] [3|14|AUX 4|14|JCT] [5|6|DET] [6|14|SUBJ 7|6|LP] [8|14|JCT 9|8|LP] [10|14|SUBJ 11|14|AUX] [12|14|AUX] [13|14|SUBJ] [14|0|ROOT] [15|14|CONJ] [16|15|COORD] [17|16|OBJ] [18|16|JCT 19|14|PUNCT],[pro:sub|I~mod|will] [aux|get pro:per|you] [pro:dem|that] [n|easel cm|cm] [adv|downstairs cm|cm] [pro:sub|we~mod|will] [aux|get] [pro:per|it] [v|fix-PAST] [coord|and] [v|bring] [pro:per|it] [adv|up .],,,,,,,,,,MotherofWilliam_William020109_25
26,Mother,William020109,okay ?,William,48.778,50.11,[],[1|0|INCROOT 2|1|PUNCT],[co|okay ?],,,,,,,,,,MotherofWilliam_William020109_26
27,Mother,William020109,so you can color at the easel .,William,50.11,51.643,[],[1|4|COM] [2|4|SUBJ] [3|4|AUX] [4|0|ROOT] [5|4|JCT] [6|7|DET] [7|5|POBJ 8|4|PUNCT],[co|so] [pro:per|you] [mod|can] [v|color] [prep|at] [det:art|the] [n|easel .],,,,,,,,,,MotherofWilliam_William020109_27
28,William,William020109,{ see (?) } .,William,51.643,53.11,[],[1|0|ROOT 2|1|PUNCT],[v|see .],,,,,,,,,,WilliamofWilliam_William020109_28
29,William,William020109,{ see (?) } .,William,53.11,54.705,[],[1|0|ROOT 2|1|PUNCT],[v|see .],,,,,,,,,,WilliamofWilliam_William020109_29
30,William,William020109,oh !,William,54.705,58.513,[],[1|0|INCROOT 2|1|PUNCT],[co|oh !],,,,,,,,,,WilliamofWilliam_William020109_30
31,William,William020109,blue .,William,58.513,61.116,[],[1|0|INCROOT 2|1|PUNCT],[adj|blue .],,,,,,,,,,WilliamofWilliam_William020109_31
32,William,William020109,yyy .,William,61.116,64.975,[],[],[],,,,,,,,,,WilliamofWilliam_William020109_32
33,Mother,William020109,are you making letters ?,William,64.975,68.17099999999999,[],[1|0|ROOT] [2|4|MOD] [3|4|MOD] [4|1|PRED 5|1|PUNCT],[cop|be&PRES] [pro:per|you] [part|make-PRESP] [n|letter-PL ?],,,,,,,,,,MotherofWilliam_William020109_33
34,Mother,William020109,are you making letters ?,William,68.17099999999999,72.111,[],[1|0|ROOT] [2|4|MOD] [3|4|MOD] [4|1|PRED 5|1|PUNCT],[cop|be&PRES] [pro:per|you] [part|make-PRESP] [n|letter-PL ?],,,,,,,,,,MotherofWilliam_William020109_34
35,Mother,William020109,I'm very impressed .,William,72.111,76.916,[],[1|4|SUBJ 2|4|AUX] [3|4|JCT] [4|0|ROOT 5|4|PUNCT],[pro:sub|I~aux|be&1S] [adv|very] [part|impress-PASTP .],,,,,,,,,,MotherofWilliam_William020109_35
36,Mother,William020109,I'm very impressed .,William,76.916,79.44800000000001,[],[1|4|SUBJ 2|4|AUX] [3|4|JCT] [4|0|ROOT 5|4|PUNCT],[pro:sub|I~aux|be&1S] [adv|very] [part|impress-PASTP .],,,,,,,,,,MotherofWilliam_William020109_36
37,Mother,William020109,"there's a c@l , this is an o@l an<d> that's an h@l ?",William,79.44800000000001,82.52,[],[1|2|SUBJ 2|0|ROOT] [3|4|DET] [4|2|PRED 5|4|LP] [6|7|SUBJ] [7|4|CMOD] [8|9|DET] [9|7|PRED] [10|12|LINK] [11|12|SUBJ 12|9|CMOD] [13|14|DET] [14|12|PRED 15|2|PUNCT],[pro:exist|there~cop|be&3S] [det:art|a] [n:let|c cm|cm] [pro:dem|this] [cop|be&3S] [det:art|a] [n:let|o] [coord|and] [pro:dem|that~cop|be&3S] [det:art|a] [n:let|h ?],,,,,,,,,,MotherofWilliam_William020109_37
38,Mother,William020109,I'm very impressed William .,William,0.0,0.0,[],[1|4|SUBJ 2|4|AUX] [3|4|JCT] [4|0|ROOT] [5|4|OBJ 6|4|PUNCT],[pro:sub|I~aux|be&1S] [adv|very] [part|impress-PASTP] [n:prop|William .],,,,,,,,,,MotherofWilliam_William020109_38
39,William,William020109,oh .,William,82.52,84.576,[],[1|0|INCROOT 2|1|PUNCT],[co|oh .],,,,,,,,,,WilliamofWilliam_William020109_39
40,Mother,William020109,yeah .,William,84.576,85.78,[],[1|0|INCROOT 2|1|PUNCT],[co|yeah .],,,,,,,,,,MotherofWilliam_William020109_40
41,Mother,William020109,yay .,William,85.78,87.045,[],[1|0|INCROOT 2|1|PUNCT],[co|yay .],,,,,,,,,,MotherofWilliam_William020109_41
42,Mother,William020109,very good William .,William,87.045,88.91499999999999,[],[1|2|JCT] [2|0|ROOT] [3|2|APP 4|2|PUNCT],[adv|very] [adj|good] [n:prop|William .],,,,,,,,,,MotherofWilliam_William020109_42
43,Mother,William020109,hello ?,William,88.91499999999999,93.265,answering the phone,[1|0|INCROOT 2|1|PUNCT],[co|hello ?],,,,,,,,,,MotherofWilliam_William020109_43
44,Mother,William020109,yes .,William,93.265,94.843,[],[1|0|INCROOT 2|1|PUNCT],[co|yes .],,,,,,,,,,MotherofWilliam_William020109_44
45,Mother,William020109,hi Jen how are you ?,William,94.843,97.055,[],[1|2|COM] [2|0|ROOT] [3|5|LINK] [4|5|AUX] [5|2|OBJ 6|2|PUNCT],[co|hi] [n:prop|Jen] [adv:int|how] [aux|be&PRES] [pro:per|you ?],,,,,,,,,,MotherofWilliam_William020109_45
46,Mother,William020109,good .,William,97.055,98.771,[],[1|0|INCROOT 2|1|PUNCT],[adj|good .],,,,,,,,,,MotherofWilliam_William020109_46
47,Mother,William020109,"uhhuh , okay .",William,98.771,100.64,[],[1|0|INCROOT 2|1|LP] [3|1|ENUM 4|1|PUNCT],[co|uhhuh cm|cm] [adj|okay .],,,,,,,,,,MotherofWilliam_William020109_47
48,Mother,William020109,"he is , actually .",William,100.64,108.181,[],[1|2|SUBJ] [2|0|ROOT 3|2|LP] [4|2|JCT 5|2|PUNCT],[pro:sub|he] [aux|be&3S cm|cm] [adv|actual&dadj-LY .],,,,,,,,,,MotherofWilliam_William020109_48
49,Mother,William020109,yes .,William,108.181,109.57,[],[1|0|INCROOT 2|1|PUNCT],[co|yes .],,,,,,,,,,MotherofWilliam_William020109_49
50,Mother,William020109,he is (t:t:trail off),William,109.57,110.913,[],[1|2|SUBJ] [2|0|ROOT 3|2|PUNCT],[pro:sub|he] [cop|be&3S (mt:trail off)],,,,,,,,,,MotherofWilliam_William020109_50
51,Mother,William020109,"well , I will , I will , we're , &-um (t:t:trail off)",William,110.913,113.995,[],[1|10|COM 2|1|LP] [3|10|SUBJ] [4|10|AUX 5|4|LP] [6|10|SUBJ] [7|10|AUX 8|7|LP] [9|10|SUBJ 10|0|ROOT 11|10|LP] [12|10|PUNCT],[co|well cm|cm] [pro:sub|I] [mod|will cm|cm] [pro:sub|I] [mod|will cm|cm] [pro:sub|we~aux|be&PRES cm|cm] [(mt:trail off)],,,,,,,,,,MotherofWilliam_William020109_51
52,Mother,William020109,we wouldn't be able to leave until nine thirty or so .,William,113.995,118.113,[],[1|4|SUBJ] [2|4|AUX 3|2|NEG] [4|0|ROOT] [5|4|PRED] [6|7|INF] [7|5|XCOMP] [8|7|JCT] [9|10|QUANT] [10|8|POBJ] [11|10|CONJ] [12|11|COORD 13|4|PUNCT],[pro:sub|we] [mod|will&COND~neg|not] [cop|be] [adj|able] [inf|to] [v|leave] [prep|until] [det:num|nine] [det:num|thirty] [coord|or] [adv|so .],,,,,,,,,,MotherofWilliam_William020109_52
53,Mother,William020109,"yeah , we went to the park (t:t:self interruption)",William,0.0,0.0,[],[1|4|COM 2|1|LP] [3|4|SUBJ] [4|0|ROOT] [5|4|JCT] [6|7|DET] [7|5|POBJ 8|4|PUNCT],[co|yeah cm|cm] [pro:sub|we] [v|go&PAST] [prep|to] [det:art|the] [n|park (mt:self interruption)],,,,,,,,,,MotherofWilliam_William020109_53
54,Mother,William020109,"we were there yesterday , I know .",William,118.113,126.841,[],[1|2|SUBJ] [2|0|ROOT] [3|2|JCT] [4|7|JCT 5|4|LP] [6|7|SUBJ] [7|2|PRED 8|2|PUNCT],[pro:sub|we] [cop|be&PAST] [adv|there] [adv:tem|yesterday cm|cm] [pro:sub|I] [v|know .],,,,,,,,,,MotherofWilliam_William020109_54
55,Mother,William020109,yes .,William,126.841,127.718,[],[1|0|INCROOT 2|1|PUNCT],[co|yes .],,,,,,,,,,MotherofWilliam_William020109_55
56,Mother,William020109,dyou (replacement:replacement:do you) need me to bring clothes (t:t:self interruption),William,0.0,0.0,[],[1|3|AUX 2|3|SUBJ] [3|0|ROOT] [4|3|OBJ] [5|6|INF] [6|3|XCOMP] [7|6|OBJ 8|3|PUNCT],[mod|do pro:per|you] [v|need] [pro:obj|me] [inf|to] [v|bring] [n:pt|clothes (mt:self interruption)],,,,,,,,,,MotherofWilliam_William020109_56
57,Mother,William020109,a change of clothes for you ?,William,127.718,130.593,[],[1|2|DET] [2|0|INCROOT] [3|2|NJCT] [4|3|POBJ] [5|2|XJCT] [6|5|OBJ 7|2|PUNCT],[det:art|a] [n|change] [prep|of] [n:pt|clothes] [conj|for] [pro:per|you ?],,,,,,,,,,MotherofWilliam_William020109_57
58,Mother,William020109,well if you (t:t:self interruption),William,0.0,0.0,[],[1|2|COM] [2|0|ROOT] [3|2|OBJ 4|2|PUNCT],[co|well] [conj|if] [pro:per|you (mt:self interruption)],,,,,,,,,,MotherofWilliam_William020109_58
59,Mother,William020109,if you need to leave there you can call here an<d> tell me .,William,130.593,136.108,[],[1|3|LINK] [2|3|SUBJ] [3|0|ROOT] [4|3|JCT] [5|4|POBJ] [6|3|JCT] [7|9|MOD] [8|9|MOD] [9|3|OBJ] [10|9|JCT] [11|9|CONJ] [12|11|COORD] [13|12|OBJ 14|3|PUNCT],[conj|if] [pro:per|you] [v|need] [prep|to] [v|leave] [adv|there] [pro:per|you] [n|can] [n|call] [adv|here] [coord|and] [v|tell] [pro:obj|me .],,,,,,,,,,MotherofWilliam_William020109_59
60,Mother,William020109,"call here an<d> tell me if you need to leave , before we've left .",William,136.108,140.175,[],[1|0|INCROOT] [2|1|JCT] [3|1|CONJ] [4|3|COORD] [5|4|OBJ] [6|8|LINK] [7|8|SUBJ] [8|15|CJCT] [9|8|JCT] [10|9|POBJ 11|8|LP] [12|8|JCT] [13|15|SUBJ 14|15|AUX] [15|4|COMP 16|1|PUNCT],[n|call] [adv|here] [coord|and] [v|tell] [pro:obj|me] [conj|if] [pro:per|you] [v|need] [prep|to] [n|leave cm|cm] [adv|before] [pro:sub|we~aux|have] [v|leave&PAST .],,,,,,,,,,MotherofWilliam_William020109_60
61,Mother,William020109,no xxx (t:t:trail off),William,140.175,141.921,[],[1|0|INCROOT] [2|1|PUNCT],[co|no] [(mt:trail off)],,,,,,,,,,MotherofWilliam_William020109_61
62,Mother,William020109,okay .,William,141.921,144.375,[],[1|0|INCROOT 2|1|PUNCT],[co|okay .],,,,,,,,,,MotherofWilliam_William020109_62
63,Mother,William020109,I (t:t:self interruption),William,0.0,0.0,[],[1|0|INCROOT 2|1|PUNCT],[pro:sub|I (mt:self interruption)],,,,,,,,,,MotherofWilliam_William020109_63
64,Mother,William020109,they (t:t:self interruption),William,0.0,0.0,[],[1|0|INCROOT 2|1|PUNCT],[pro:sub|they (mt:self interruption)],,,,,,,,,,MotherofWilliam_William020109_64
65,Mother,William020109,yes they do .,William,144.375,147.258,[],[1|3|COM] [2|3|SUBJ] [3|0|ROOT 4|3|PUNCT],[co|yes] [pro:sub|they] [v|do .],,,,,,,,,,MotherofWilliam_William020109_65
66,Mother,William020109,mhm .,William,147.258,150.446,[],[1|0|INCROOT 2|1|PUNCT],[co|yes .],,,,,,,,,,MotherofWilliam_William020109_66
67,Mother,William020109,"oh no , I would , I would be (t:t:self interruption)",William,0.0,0.0,[],[1|9|COM] [2|9|COM 3|2|LP] [4|9|SUBJ] [5|9|AUX 6|5|LP] [7|9|SUBJ] [8|9|AUX] [9|0|ROOT 10|9|PUNCT],[co|oh] [co|no cm|cm] [pro:sub|I] [mod|will&COND cm|cm] [pro:sub|I] [mod|will&COND] [cop|be (mt:self interruption)],,,,,,,,,,MotherofWilliam_William020109_67
68,Mother,William020109,it would be (t:t:self interruption),William,0.0,0.0,[],[1|3|SUBJ] [2|3|AUX] [3|0|ROOT 4|3|PUNCT],[pro:per|it] [mod|will&COND] [cop|be (mt:self interruption)],,,,,,,,,,MotherofWilliam_William020109_68
69,Mother,William020109,it would be nice .,William,0.0,0.0,[],[1|3|SUBJ] [2|3|AUX] [3|0|ROOT] [4|3|PRED 5|3|PUNCT],[pro:per|it] [mod|will&COND] [cop|be] [adj|nice .],,,,,,,,,,MotherofWilliam_William020109_69
70,Mother,William020109,but I (t:t:self interruption),William,0.0,0.0,[],[1|2|LINK] [2|0|INCROOT 3|2|PUNCT],[conj|but] [pro:sub|I (mt:self interruption)],,,,,,,,,,MotherofWilliam_William020109_70
71,Mother,William020109,I can't (t:t:self interruption),William,0.0,0.0,[],[1|0|INCROOT] [2|4|AUX 3|2|NEG 4|1|PUNCT],[pro:sub|I] [mod|can~neg|not (mt:self interruption)],,,,,,,,,,MotherofWilliam_William020109_71
72,Mother,William020109,I can't talk right now .,William,150.446,157.178,[],[1|4|SUBJ] [2|4|AUX 3|2|NEG] [4|0|ROOT] [5|6|JCT] [6|4|JCT 7|4|PUNCT],[pro:sub|I] [mod|can~neg|not] [v|talk] [adv|right] [adv|now .],,,,,,,,,,MotherofWilliam_William020109_72
73,Mother,William020109,"&-uh , no that's okay .",William,157.178,159.44,[],[1|4|LINK] [2|3|QUANT] [3|4|SUBJ 4|0|ROOT] [5|4|PRED 6|4|PUNCT],[cm|cm] [qn|no] [pro:dem|that~cop|be&3S] [adj|okay .],,,,,,,,,,MotherofWilliam_William020109_73
74,Mother,William020109,&-um .,William,159.44,160.445,[],[],[],,,,,,,,,,MotherofWilliam_William020109_74
75,Mother,William020109,so (t:t:trail off),William,160.445,163.241,[],[1|0|INCROOT 2|1|PUNCT],[co|so (mt:trail off)],,,,,,,,,,MotherofWilliam_William020109_75
76,Mother,William020109,great .,William,163.241,165.841,[],[1|0|INCROOT 2|1|PUNCT],[adj|great .],,,,,,,,,,MotherofWilliam_William020109_76
77,Mother,William020109,great I look forward to it .,William,165.841,167.39,[],[1|3|JCT] [2|3|SUBJ] [3|0|ROOT] [4|3|JCT] [5|3|JCT] [6|5|POBJ 7|3|PUNCT],[adj|great] [pro:sub|I] [v|look] [adv|forward] [prep|to] [pro:per|it .],,,,,,,,,,MotherofWilliam_William020109_77
78,Mother,William020109,alright byebye .,William,167.39,168.775,MOT hangs up,[1|2|COM] [2|0|INCROOT 3|2|PUNCT],[co|alright] [co|byebye .],,,,,,,,,,MotherofWilliam_William020109_78
79,Mother,William020109,"gonna go see Duke , William .",William,168.775,177.19,[],[1|3|AUX] [2|3|SRL] [3|0|ROOT] [4|3|OBJ 5|4|LP] [6|3|COMP 7|3|PUNCT],[mod:aux|gonna] [v|go] [v|see] [n:prop|Duke cm|cm] [n:prop|William .],,,,,,,,,,MotherofWilliam_William020109_79
80,William,William020109,yyy Duke ?,William,177.19,179.12,[],[] [1|0|INCROOT 2|1|PUNCT],[] [n:prop|Duke ?],,,,,,,,,,WilliamofWilliam_William020109_80
81,Mother,William020109,yeah .,William,0.0,0.0,[],[1|0|INCROOT 2|1|PUNCT],[co|yeah .],,,,,,,,,,MotherofWilliam_William020109_81
82,Mother,William020109,what's this ?,William,179.12,182.06,[],[1|2|SUBJ 2|0|ROOT] [3|2|PRED 4|2|PUNCT],[pro:int|what~cop|be&3S] [pro:dem|this ?],,,,,,,,,,MotherofWilliam_William020109_82
83,William,William020109,see Duke ?,William,182.06,186.118,[],[1|0|ROOT] [2|1|OBJ 3|1|PUNCT],[v|see] [n:prop|Duke ?],,,,,,,,,,WilliamofWilliam_William020109_83
84,Mother,William020109,yeah we'll see Duke in a little while .,William,0.0,0.0,[],[1|4|COM] [2|4|SUBJ 3|4|AUX] [4|0|ROOT] [5|4|OBJ] [6|4|JCT] [7|9|DET] [8|9|MOD] [9|6|POBJ 10|4|PUNCT],[co|yeah] [pro:sub|we~mod|will] [v|see] [n:prop|Duke] [prep|in] [det:art|a] [adj|little] [n|while .],,,,,,,,,,MotherofWilliam_William020109_84
85,Mother,William020109,we'll take a walk .,William,186.118,188.31,[],[1|3|SUBJ 2|3|AUX] [3|0|ROOT] [4|5|DET] [5|3|OBJ 6|3|PUNCT],[pro:sub|we~mod|will] [v|take] [det:art|a] [n|walk .],,,,,,,,,,MotherofWilliam_William020109_85
86,Mother,William020109,to see Duke .,William,188.31,190.108,[],[1|2|INF] [2|0|ROOT] [3|2|OBJ 4|2|PUNCT],[inf|to] [v|see] [n:prop|Duke .],,,,,,,,,,MotherofWilliam_William020109_86
87,Mother,William020109,<o>kay ?,William,190.108,190.843,[],[1|0|INCROOT 2|1|PUNCT],[co|okay ?],,,,,,,,,,MotherofWilliam_William020109_87
88,Mother,William020109,here .,William,190.843,193.91,[],[1|0|INCROOT 2|1|PUNCT],[adv|here .],,,,,,,,,,MotherofWilliam_William020109_88
89,Mother,William020109,"Mommy's gonna draw something , I want you to tell me what it is .",William,193.91,196.128,[],[1|4|SUBJ 2|1|POSS] [3|4|AUX] [4|0|ROOT] [5|4|OBJ 6|4|LP] [7|8|SUBJ] [8|4|COMP] [9|8|OBJ] [10|11|INF] [11|8|XCOMP] [12|11|OBJ] [13|15|LINK] [14|15|SUBJ] [15|11|COMP 16|4|PUNCT],[n:prop|Mommy~poss|s] [mod:aux|gonna] [v|draw] [pro:indef|something cm|cm] [pro:sub|I] [v|want] [pro:per|you] [inf|to] [v|tell] [pro:obj|me] [pro:int|what] [pro:per|it] [cop|be&3S .],,,,,,,,,,MotherofWilliam_William020109_89
90,William,William020109,hey .,William,196.128,197.241,[],[1|0|INCROOT 2|1|PUNCT],[co|hey .],,,,,,,,,,WilliamofWilliam_William020109_90
91,Mother,William020109,I'm not a very good (.) artist William .,William,197.241,199.056,[],[1|2|SUBJ 2|0|ROOT] [3|2|NEG] [4|7|DET] [5|6|JCT] [6|7|MOD] [7|2|PRED] [8|7|APP 9|2|PUNCT],[pro:sub|I~cop|be&1S] [neg|not] [det:art|a] [adv|very] [adj|good] [n|artist] [n:prop|William .],,,,,,,,,,MotherofWilliam_William020109_91
92,William,William020109,mine .,William,199.056,201.125,[],[1|0|INCROOT 2|1|PUNCT],[pro:poss|mine .],,,,,,,,,,WilliamofWilliam_William020109_92
93,Mother,William020109,it is yours .,William,0.0,0.0,[],[1|2|SUBJ] [2|0|ROOT] [3|2|PRED 4|2|PUNCT],[pro:per|it] [cop|be&3S] [pro:poss|yours .],,,,,,,,,,MotherofWilliam_William020109_93
94,Mother,William020109,can Mommy draw something ?,William,201.125,203.055,[],[1|3|AUX] [2|3|SUBJ] [3|0|ROOT] [4|3|OBJ 5|3|PUNCT],[mod|can] [n:prop|Mommy] [v|draw] [pro:indef|something ?],,,,,,,,,,MotherofWilliam_William020109_94
95,Mother,William020109,can Mommy draw something ?,William,203.055,205.513,[],[1|3|AUX] [2|3|SUBJ] [3|0|ROOT] [4|3|OBJ 5|3|PUNCT],[mod|can] [n:prop|Mommy] [v|draw] [pro:indef|something ?],,,,,,,,,,MotherofWilliam_William020109_95
96,William,William020109,green .,William,205.513,207.575,[],[1|0|INCROOT 2|1|PUNCT],[n|green .],,,,,,,,,,WilliamofWilliam_William020109_96
97,Mother,William020109,"it is green , that's right .",William,207.575,217.0,[],[1|2|SUBJ] [2|0|ROOT] [3|2|PRED 4|2|LP] [5|7|LINK 6|7|AUX] [7|2|PRED 8|2|PUNCT],[pro:per|it] [cop|be&3S] [n|green cm|cm] [pro:rel|that~aux|be&3S] [n|right .],,,,,,,,,,MotherofWilliam_William020109_97
98,William,William020109,yyy .,William,217.0,219.51,[],[],[],,,,,,,,,,WilliamofWilliam_William020109_98
99,William,William020109,my blue .,William,219.511,222.06,[],[1|2|MOD] [2|0|INCROOT 3|2|PUNCT],[det:poss|my] [n|blue .],,,,,,,,,,WilliamofWilliam_William020109_99
100,Mother,William020109,yer (replacement:replacement:your) blue ?,William,0.0,0.0,[],[1|2|MOD] [2|0|INCROOT 3|2|PUNCT],[det:poss|your] [n|blue ?],,,,,,,,,,MotherofWilliam_William020109_100
101,Mother,William020109,what does that look like ?,William,222.06,225.593,[],[1|4|LINK] [2|4|AUX] [3|4|SUBJ] [4|0|ROOT] [5|4|JCT 6|4|PUNCT],[pro:int|what] [mod|do&3S] [pro:dem|that] [v|look] [prep|like ?],,,,,,,,,,MotherofWilliam_William020109_101
102,William,William020109,my red .,William,225.593,229.111,[],[1|2|MOD] [2|0|INCROOT 3|2|PUNCT],[det:poss|my] [n|red .],,,,,,,,,,WilliamofWilliam_William020109_102
103,Mother,William020109,it is yer (replacement:replacement:your) red .,William,0.0,0.0,[],[1|2|SUBJ] [2|0|ROOT] [3|4|MOD] [4|2|PRED 5|2|PUNCT],[pro:per|it] [cop|be&3S] [det:poss|your] [n|red .],,,,,,,,,,MotherofWilliam_William020109_103
104,Mother,William020109,let's see xxx (t:t:trail off),William,229.111,232.315,[],[1|0|ROOT 2|1|OBJ] [3|1|XCOMP] [4|1|PUNCT],[v|let~pro:obj|us] [v|see] [(mt:trail off)],,,,,,,,,,MotherofWilliam_William020109_104
105,Mother,William020109,I'm done .,William,232.315,233.186,[],[1|3|SUBJ 2|3|AUX] [3|0|ROOT 4|3|PUNCT],[pro:sub|I~aux|be&1S] [part|do&PASTP .],,,,,,,,,,MotherofWilliam_William020109_105
106,William,William020109,my yellow .,William,233.186,235.911,[],[1|2|MOD] [2|0|INCROOT 3|2|PUNCT],[det:poss|my] [n|yellow .],,,,,,,,,,WilliamofWilliam_William020109_106
107,Mother,William020109,your yellow .,William,0.0,0.0,[],[1|2|MOD] [2|0|INCROOT 3|2|PUNCT],[det:poss|your] [n|yellow .],,,,,,,,,,MotherofWilliam_William020109_107
108,Mother,William020109,my god .,William,235.911,238.446,[],[1|2|MOD] [2|0|INCROOT 3|2|PUNCT],[det:poss|my] [n|god .],,,,,,,,,,MotherofWilliam_William020109_108
109,Mother,William020109,I love you .,William,238.446,239.97,[],[1|2|SUBJ] [2|0|ROOT] [3|2|OBJ 4|2|PUNCT],[pro:sub|I] [v|love] [pro:per|you .],,,,,,,,,,MotherofWilliam_William020109_109
110,Mother,William020109,beau:tiful .,William,239.97,251.98,[],[1|0|INCROOT 2|1|PUNCT],[adj|beautiful .],,,,,,,,,,MotherofWilliam_William020109_110
111,Mother,William020109,that's beautiful William .,William,251.98,259.997,[],[1|2|SUBJ 2|0|ROOT] [3|2|PRED] [4|2|PRED 5|2|PUNCT],[pro:dem|that~cop|be&3S] [adj|beautiful] [n:prop|William .],,,,,,,,,,MotherofWilliam_William020109_111
112,Mother,William020109,"here , lemme (replacement:replacement:let me) (t:t:self interruption)",William,0.0,0.0,[],[1|3|JCT 2|1|LP] [3|0|ROOT 4|3|OBJ 5|3|PUNCT],[adv|here cm|cm] [v|let&ZERO pro:obj|me (mt:self interruption)],,,,,,,,,,MotherofWilliam_William020109_112
113,Mother,William020109,lemme (replacement:replacement:let me) (t:t:self interruption),William,0.0,0.0,[],[1|0|ROOT 2|1|OBJ 3|1|PUNCT],[v|let&ZERO pro:obj|me (mt:self interruption)],,,,,,,,,,MotherofWilliam_William020109_113
114,Mother,William020109,fix that for you .,William,259.997,267.635,[],[1|0|ROOT] [2|1|OBJ] [3|1|JCT] [4|3|POBJ 5|1|PUNCT],[v|fix] [pro:dem|that] [prep|for] [pro:per|you .],,,,,,,,,,MotherofWilliam_William020109_114
115,Mother,William020109,"see there's no red coming out , let me just take some paper off .",William,267.635,270.706,[],[1|3|COM] [2|3|SUBJ 3|0|ROOT] [4|5|QUANT] [5|3|PRED] [6|5|XMOD] [7|6|JCT 8|6|LP] [9|6|ENUM] [10|9|OBJ] [11|12|JCT] [12|9|COMP] [13|14|QUANT] [14|12|OBJ] [15|12|JCT 16|3|PUNCT],[co|see] [pro:exist|there~cop|be&3S] [qn|no] [n|red] [part|come-PRESP] [adv|out cm|cm] [v|let&ZERO] [pro:obj|me] [adv|just] [v|take] [qn|some] [n|paper] [adv|off .],,,,,,,,,,MotherofWilliam_William020109_115
116,Mother,William020109,"William , trust Mommy okay ?",William,270.706,274.516,[],[1|0|INCROOT 2|1|LP] [3|4|MOD] [4|1|ENUM] [5|4|PRED 6|1|PUNCT],[n:prop|William cm|cm] [n|trust] [n:prop|Mommy] [adj|okay ?],,,,,,,,,,MotherofWilliam_William020109_116
117,Mother,William020109,you hafta trust Mommy .,William,274.516,276.115,[],[1|3|SUBJ] [2|3|AUX] [3|0|ROOT] [4|3|OBJ 5|3|PUNCT],[pro:per|you] [mod:aux|hafta] [v|trust] [n:prop|Mommy .],,,,,,,,,,MotherofWilliam_William020109_117
118,Mother,William020109,<o>kay ?,William,276.115,283.173,[],[1|0|INCROOT 2|1|PUNCT],[co|okay ?],,,,,,,,,,MotherofWilliam_William020109_118
119,Mother,William020109,"there you go , see ?",William,283.173,285.718,[],[1|3|JCT] [2|3|SUBJ] [3|0|ROOT 4|3|LP] [5|3|ENUM 6|3|PUNCT],[adv|there] [pro:per|you] [v|go cm|cm] [v|see ?],,,,,,,,,,MotherofWilliam_William020109_119
120,Mother,William020109,we'll try to stay on the paper okay ?,William,285.718,287.913,[],[1|3|SUBJ 2|3|AUX] [3|0|ROOT] [4|5|INF] [5|3|XCOMP] [6|5|JCT] [7|8|DET] [8|6|POBJ] [9|8|POSTMOD 10|3|PUNCT],[pro:sub|we~mod|will] [v|try] [inf|to] [cop|stay] [prep|on] [det:art|the] [n|paper] [adj|okay ?],,,,,,,,,,MotherofWilliam_William020109_120
121,Mother,William020109,no .,William,287.913,288.451,[],[1|0|INCROOT 2|1|PUNCT],[co|no .],,,,,,,,,,MotherofWilliam_William020109_121
122,Mother,William020109,listen William .,William,288.451,289.59000000000003,[],[1|0|ROOT] [2|1|OBJ 3|1|PUNCT],[v|listen] [n:prop|William .],,,,,,,,,,MotherofWilliam_William020109_122
123,Mother,William020109,we're (t:t:self interruption),William,0.0,0.0,[],[1|2|SUBJ 2|0|ROOT 3|2|PUNCT],[pro:sub|we~aux|be&PRES (mt:self interruption)],,,,,,,,,,MotherofWilliam_William020109_123
124,Mother,William020109,we need to (t:t:self interruption),William,0.0,0.0,[],[1|2|SUBJ] [2|0|ROOT] [3|2|JCT 4|2|PUNCT],[pro:sub|we] [v|need] [prep|to (mt:self interruption)],,,,,,,,,,MotherofWilliam_William020109_124
125,Mother,William020109,we're (t:t:self interruption),William,0.0,0.0,[],[1|2|SUBJ 2|0|ROOT 3|2|PUNCT],[pro:sub|we~aux|be&PRES (mt:self interruption)],,,,,,,,,,MotherofWilliam_William020109_125
126,Mother,William020109,we need to color on paper .,William,289.59000000000003,292.251,[],[1|2|SUBJ] [2|0|ROOT] [3|4|INF] [4|2|XCOMP] [5|4|JCT] [6|5|POBJ 7|2|PUNCT],[pro:sub|we] [v|need] [inf|to] [v|color] [prep|on] [n|paper .],,,,,,,,,,MotherofWilliam_William020109_126
127,Mother,William020109,okay ?,William,292.251,293.11,[],[1|0|INCROOT 2|1|PUNCT],[co|okay ?],,,,,,,,,,MotherofWilliam_William020109_127
128,Mother,William020109,William (t:t:trail off),William,293.11,307.641,[],[1|0|INCROOT 2|1|PUNCT],[n:prop|William (mt:trail off)],,,,,,,,,,MotherofWilliam_William020109_128
129,Mother,William020109,color on paper please .,William,307.641,309.578,[],[1|0|INCROOT] [2|1|NJCT] [3|2|POBJ] [4|1|COM 5|1|PUNCT],[n|color] [prep|on] [n|paper] [co|please .],,,,,,,,,,MotherofWilliam_William020109_129
130,Mother,William020109,William .,William,309.578,310.66,[],[1|0|INCROOT 2|1|PUNCT],[n:prop|William .],,,,,,,,,,MotherofWilliam_William020109_130
131,Mother,William020109,paper .,William,310.66,312.58,[],[1|0|INCROOT 2|1|PUNCT],[n|paper .],,,,,,,,,,MotherofWilliam_William020109_131
132,William,William020109,{ no (?) } .,William,312.58,314.578,this was uttered as kind of a growl[],[1|0|INCROOT 2|1|PUNCT],[co|no .],,,,,,,,,,WilliamofWilliam_William020109_132
133,Mother,William020109,yes .,William,314.578,315.71,[],[1|0|INCROOT 2|1|PUNCT],[co|yes .],,,,,,,,,,MotherofWilliam_William020109_133
134,Mother,William020109,you know what's gonna happen ?,William,315.71,317.908,[],[1|2|SUBJ] [2|0|ROOT] [3|6|SUBJ 4|6|AUX] [5|6|AUX] [6|2|COMP 7|2|PUNCT],[pro:per|you] [v|know] [pro:int|what~aux|be&3S] [mod:aux|gonna] [v|happen ?],,,,,,,,,,MotherofWilliam_William020109_134
135,Mother,William020109,"I'm gonna take it away , an<d> you're not gonna (replacement:replacement:going to) be able to color .",William,317.908,320.926,[],[1|4|SUBJ 2|4|AUX] [3|4|AUX] [4|0|ROOT] [5|4|OBJ] [6|4|JCT 7|4|LP] [8|4|CONJ] [9|10|SUBJ 10|8|COORD] [11|10|NEG] [12|10|PRED 13|14|INF] [14|12|XCOMP] [15|14|PRED] [16|17|INF] [17|15|XCOMP 18|4|PUNCT],[pro:sub|I~aux|be&1S] [mod:aux|gonna] [v|take] [pro:per|it] [adv|away cm|cm] [coord|and] [pro:per|you~cop|be&PRES] [neg|not] [part|go-PRESP inf|to] [cop|be] [adj|able] [inf|to] [v|color .],,,,,,,,,,MotherofWilliam_William020109_135
136,Mother,William020109,okay ?,William,320.926,323.648,[],[1|0|INCROOT 2|1|PUNCT],[co|okay ?],,,,,,,,,,MotherofWilliam_William020109_136
137,Mother,William020109,we're coloring on paper .,William,323.648,325.24,[],[1|3|SUBJ 2|3|AUX] [3|0|ROOT] [4|3|JCT] [5|4|POBJ 6|3|PUNCT],[pro:sub|we~aux|be&PRES] [part|color-PRESP] [prep|on] [n|paper .],,,,,,,,,,MotherofWilliam_William020109_137
138,Mother,William020109,"an<d> you do such a beautiful job William , Mommy (.) is so impressed with your (.) talent .",William,325.24,332.181,[],[1|3|LINK] [2|3|SUBJ] [3|0|ROOT] [4|7|QUANT] [5|7|DET] [6|7|MOD] [7|3|OBJ] [8|13|JCT 9|8|LP] [10|13|SUBJ] [11|13|AUX] [12|13|JCT] [13|7|XMOD] [14|13|JCT] [15|16|MOD] [16|14|POBJ 17|3|PUNCT],[coord|and] [pro:per|you] [v|do] [qn|such] [det:art|a] [adj|beautiful] [n|job] [n:prop|William cm|cm] [n:prop|Mommy] [aux|be&3S] [adv|so] [part|impress-PASTP] [prep|with] [det:poss|your] [n|talent .],,,,,,,,,,MotherofWilliam_William020109_138
139,Mother,William020109,wouldja (replacement:replacement:would you) like me to take some paper off of that one ?,William,332.181,344.708,[],[1|3|AUX 2|3|SUBJ] [3|0|ROOT] [4|3|OBJ] [5|6|INF] [6|3|XCOMP] [7|8|QUANT] [8|6|OBJ] [9|6|JCT] [10|9|JCT] [11|12|DET] [12|10|POBJ 13|3|PUNCT],[mod|will&COND pro:per|you] [v|like] [pro:obj|me] [inf|to] [v|take] [qn|some] [n|paper] [adv|off] [prep|of] [pro:dem|that] [pro:indef|one ?],,,,,,,,,,MotherofWilliam_William020109_139
140,Mother,William020109,like the red ?,William,344.708,348.575,[],[1|0|INCROOT] [2|3|DET] [3|1|POBJ 4|1|PUNCT],[prep|like] [det:art|the] [n|red ?],,,,,,,,,,MotherofWilliam_William020109_140
141,Mother,William020109,what is that color ?,William,348.575,352.233,[],[1|2|SUBJ] [2|0|ROOT] [3|4|DET] [4|2|PRED 5|2|PUNCT],[pro:int|what] [cop|be&3S] [pro:dem|that] [n|color ?],,,,,,,,,,MotherofWilliam_William020109_141
142,Mother,William020109,xxx .,William,352.233,354.376,[],[],[],,,,,,,,,,MotherofWilliam_William020109_142
143,Mother,William020109,I wanna color with that color .,William,354.376,357.188,[],[1|3|SUBJ] [2|3|AUX] [3|0|ROOT] [4|3|JCT] [5|6|DET] [6|4|POBJ 7|3|PUNCT],[pro:sub|I] [mod:aux|wanna] [v|color] [prep|with] [pro:dem|that] [n|color .],,,,,,,,,,MotherofWilliam_William020109_143
144,William,William020109,no .,William,357.188,359.51,[],[1|0|INCROOT 2|1|PUNCT],[co|no .],,,,,,,,,,WilliamofWilliam_William020109_144
145,Mother,William020109,plea:se ?,William,0.0,0.0,[],[1|0|INCROOT 2|1|PUNCT],[co|please ?],,,,,,,,,,MotherofWilliam_William020109_145
146,Mother,William020109,can Mommy color with that one ?,William,359.51,362.783,[],[1|3|AUX] [2|3|MOD] [3|0|INCROOT] [4|3|JCT] [5|6|DET] [6|4|POBJ 7|3|PUNCT],[mod|can] [n:prop|Mommy] [n|color] [prep|with] [pro:dem|that] [pro:indef|one ?],,,,,,,,,,MotherofWilliam_William020109_146
147,Mother,William020109,Mom (t:t:self interruption),William,0.0,0.0,[],[1|0|INCROOT 2|1|PUNCT],[n:prop|Mom (mt:self interruption)],,,,,,,,,,MotherofWilliam_William020109_147
148,Mother,William020109,"what did , William (t:t:self interruption)",William,0.0,0.0,[],[1|4|LINK] [2|4|AUX 3|2|LP] [4|0|ROOT 5|4|PUNCT],[pro:int|what] [mod|do&PAST cm|cm] [n:prop|William (mt:self interruption)],,,,,,,,,,MotherofWilliam_William020109_148
149,Mother,William020109,what did Mommy just say ?,William,362.783,365.86,[],[1|3|LINK] [2|3|AUX] [3|5|SUBJ] [4|5|JCT] [5|0|ROOT 6|5|PUNCT],[pro:int|what] [mod|do&PAST] [n:prop|Mommy] [adv|just] [v|say ?],,,,,,,,,,MotherofWilliam_William020109_149
150,Mother,William020109,about the paper .,William,365.86,368.175,[],[1|0|INCROOT] [2|3|DET] [3|1|POBJ 4|1|PUNCT],[prep|about] [det:art|the] [n|paper .],,,,,,,,,,MotherofWilliam_William020109_150
151,Mother,William020109,that's a good job William .,William,368.175,392.58,[],[1|2|SUBJ 2|0|ROOT] [3|5|DET] [4|5|MOD] [5|2|PRED] [6|5|APP 7|2|PUNCT],[pro:dem|that~cop|be&3S] [det:art|a] [adj|good] [n|job] [n:prop|William .],,,,,,,,,,MotherofWilliam_William020109_151
152,William,William020109,oh no !,William,392.581,395.373,[],[1|2|COM] [2|0|INCROOT 3|2|PUNCT],[co|oh] [co|no !],,,,,,,,,,WilliamofWilliam_William020109_152
153,William,William020109,yyy yyy .,William,395.373,398.378,[],[],[],,,,,,,,,,WilliamofWilliam_William020109_153
154,William,William020109,yyy yyy yellow .,William,398.378,400.778,[],[] [] [1|0|INCROOT 2|1|PUNCT],[] [] [n|yellow .],,,,,,,,,,WilliamofWilliam_William020109_154
155,William,William020109,yyy .,William,400.778,406.865,[],[],[],,,,,,,,,,WilliamofWilliam_William020109_155
156,Mother,William020109,you want the yellow ?,William,0.0,0.0,[],[1|2|SUBJ] [2|0|ROOT] [3|4|DET] [4|2|OBJ 5|2|PUNCT],[pro:per|you] [v|want] [det:art|the] [n|yellow ?],,,,,,,,,,MotherofWilliam_William020109_156
157,Mother,William020109,would you like me to help you get it ?,William,406.865,414.24,[],[1|3|AUX] [2|3|SUBJ] [3|0|ROOT] [4|3|OBJ] [5|6|INF] [6|3|XCOMP] [7|6|OBJ] [8|6|XCOMP] [9|8|OBJ 10|3|PUNCT],[mod|will&COND] [pro:per|you] [v|like] [pro:obj|me] [inf|to] [v|help] [pro:per|you] [v|get] [pro:per|it ?],,,,,,,,,,MotherofWilliam_William020109_157
158,Mother,William020109,"that's good trying to use the orange , but , listen .",William,414.24,418.46,[],[1|2|SUBJ 2|0|ROOT] [3|2|PRED] [4|2|PRED] [5|6|INF] [6|4|XCOMP] [7|8|DET] [8|6|OBJ 9|8|LP] [10|12|LINK 11|12|SUBJ] [12|6|CJCT 13|2|PUNCT],[pro:dem|that~cop|be&3S] [adj|good] [n:gerund|try-PRESP] [inf|to] [v|use] [det:art|the] [n|orange cm|cm] [conj|but cm|cm] [v|listen .],,,,,,,,,,MotherofWilliam_William020109_158
159,Mother,William020109,now you don't have (t:t:trail off),William,0.0,0.0,[],[1|5|JCT] [2|5|SUBJ] [3|5|AUX 4|3|NEG] [5|0|ROOT 6|5|PUNCT],[adv|now] [pro:per|you] [mod|do~neg|not] [v|have (mt:trail off)],,,,,,,,,,MotherofWilliam_William020109_159
160,William,William020109,orange .,William,418.46,420.38,[],[1|0|INCROOT 2|1|PUNCT],[adj|orange .],,,,,,,,,,WilliamofWilliam_William020109_160
161,William,William020109,yyy yyy .,William,420.38,423.581,[],[],[],,,,,,,,,,WilliamofWilliam_William020109_161
162,Mother,William020109,"no , you know why ?",William,0.0,0.0,[],[1|4|COM 2|1|LP] [3|4|SUBJ] [4|0|ROOT] [5|4|OBJ 6|4|PUNCT],[co|no cm|cm] [pro:per|you] [v|know] [adv:int|why ?],,,,,,,,,,MotherofWilliam_William020109_162
163,Mother,William020109,you see this table ?,William,423.581,424.708,[],[1|2|SUBJ] [2|0|ROOT] [3|4|DET] [4|2|OBJ 5|2|PUNCT],[pro:per|you] [v|see] [pro:dem|this] [n|table ?],,,,,,,,,,MotherofWilliam_William020109_163
164,Mother,William020109,see what you just did ?,William,424.708,426.048,[],[1|0|ROOT] [2|5|LINK] [3|5|SUBJ] [4|5|JCT] [5|1|COMP 6|1|PUNCT],[v|see] [pro:int|what] [pro:per|you] [adv|just] [v|do&PAST ?],,,,,,,,,,MotherofWilliam_William020109_164
165,Mother,William020109,"no orange , okay ?",William,426.048,427.73,[],[1|2|QUANT] [2|0|INCROOT 3|2|LP] [4|2|ENUM 5|2|PUNCT],[qn|no] [n|orange cm|cm] [adj|okay ?],,,,,,,,,,MotherofWilliam_William020109_165
166,William,William020109,orange .,William,427.73,429.381,[],[1|0|INCROOT 2|1|PUNCT],[adj|orange .],,,,,,,,,,WilliamofWilliam_William020109_166
167,Mother,William020109,no .,William,0.0,0.0,[],[1|0|INCROOT 2|1|PUNCT],[co|no .],,,,,,,,,,MotherofWilliam_William020109_167
168,William,William020109,yyy { crayons (?) } .,William,429.381,431.716,[],[] [1|0|INCROOT 2|1|PUNCT],[] [n|crayon-PL .],,,,,,,,,,WilliamofWilliam_William020109_168
169,William,William020109,xxx xxx .,William,431.716,434.331,"this was difficult to transcribe , as MOT was talking over CHI[]",[],[],,,,,,,,,,WilliamofWilliam_William020109_169
170,Mother,William020109,what's that ?,William,0.0,0.0,[],[1|2|SUBJ 2|0|ROOT] [3|2|PRED 4|2|PUNCT],[pro:int|what~cop|be&3S] [pro:dem|that ?],,,,,,,,,,MotherofWilliam_William020109_170
171,Mother,William020109,you want crayons ?,William,0.0,0.0,[],[1|2|SUBJ] [2|0|ROOT] [3|2|OBJ 4|2|PUNCT],[pro:per|you] [v|want] [n|crayon-PL ?],,,,,,,,,,MotherofWilliam_William020109_171
172,William,William020109,{ yeah (?) } .,William,434.331,436.12,[],[1|0|INCROOT 2|1|PUNCT],[co|yeah .],,,,,,,,,,WilliamofWilliam_William020109_172
173,Mother,William020109,you gonna color on the paper ?,William,0.0,0.0,[],[1|3|SUBJ] [2|3|AUX] [3|0|ROOT] [4|3|JCT] [5|6|DET] [6|4|POBJ 7|3|PUNCT],[pro:per|you] [mod:aux|gonna] [v|color] [prep|on] [det:art|the] [n|paper ?],,,,,,,,,,MotherofWilliam_William020109_173
174,William,William020109,okay yyy yyy .,William,436.12,440.388,[],[1|0|INCROOT] [] [2|1|PUNCT],[co|okay] [] [.],,,,,,,,,,WilliamofWilliam_William020109_174
175,Mother,William020109,okay .,William,0.0,0.0,[],[1|0|INCROOT 2|1|PUNCT],[co|okay .],,,,,,,,,,MotherofWilliam_William020109_175
176,Mother,William020109,"I'll let ya (replacement:replacement:you) (.) have the crayons , you have_to color on the paper .",William,440.388,444.051,[],[1|3|SUBJ 2|3|AUX] [3|0|ROOT] [4|5|SUBJ] [5|3|COMP] [6|7|DET] [7|5|OBJ 8|7|LP] [9|11|SUBJ] [10|11|AUX] [11|7|CMOD] [12|11|JCT] [13|14|DET] [14|12|POBJ 15|3|PUNCT],[pro:sub|I~mod|will] [v|let&ZERO] [pro:per|you] [v|have] [det:art|the] [n|crayon-PL cm|cm] [pro:per|you] [mod:aux|have_to] [v|color] [prep|on] [det:art|the] [n|paper .],,,,,,,,,,MotherofWilliam_William020109_176
177,Mother,William020109,wanna draw a picture for me ?,William,444.051,448.665,[],[1|2|AUX] [2|0|ROOT] [3|4|DET] [4|2|OBJ] [5|2|JCT] [6|5|POBJ 7|2|PUNCT],[mod:aux|wanna] [v|draw] [det:art|a] [n|picture] [prep|for] [pro:obj|me ?],,,,,,,,,,MotherofWilliam_William020109_177
178,Mother,William020109,can you draw Mommy a picture ?,William,448.665,451.798,[],[1|3|AUX] [2|3|SUBJ] [3|0|ROOT] [4|3|OBJ] [5|6|DET] [6|4|OBJ 7|3|PUNCT],[mod|can] [pro:per|you] [v|draw] [n:prop|Mommy] [det:art|a] [n|picture ?],,,,,,,,,,MotherofWilliam_William020109_178
179,Mother,William020109,dyou (replacement:replacement:do you) want Mommy to draw you a picture ?,William,451.798,455.24,[],[1|3|AUX 2|3|SUBJ] [3|0|ROOT] [4|3|OBJ] [5|6|INF] [6|4|XCOMP] [7|6|OBJ] [8|9|DET] [9|6|OBJ 10|3|PUNCT],[mod|do pro:per|you] [v|want] [n:prop|Mommy] [inf|to] [v|draw] [pro:per|you] [det:art|a] [n|picture ?],,,,,,,,,,MotherofWilliam_William020109_179
180,William,William020109,orange .,William,455.24,459.196,[],[1|0|INCROOT 2|1|PUNCT],[adj|orange .],,,,,,,,,,WilliamofWilliam_William020109_180
181,Mother,William020109,you want orange ?,William,0.0,0.0,[],[1|2|SUBJ] [2|0|ROOT] [3|2|OBJ 4|2|PUNCT],[pro:per|you] [v|want] [n|orange ?],,,,,,,,,,MotherofWilliam_William020109_181
182,Mother,William020109,here you go .,William,459.196,460.306,[],[1|3|JCT] [2|3|SUBJ] [3|0|ROOT 4|3|PUNCT],[adv|here] [pro:per|you] [v|go .],,,,,,,,,,MotherofWilliam_William020109_182
183,Mother,William020109,"oh , you're eating it like a (t:t:self interruption)",William,0.0,0.0,[],[1|5|COM 2|1|LP] [3|5|SUBJ 4|5|AUX] [5|0|ROOT] [6|5|OBJ] [7|5|INCROOT] [8|9|DET 9|7|PUNCT],[co|oh cm|cm] [pro:per|you~aux|be&PRES] [part|eat-PRESP] [pro:per|it] [conj|like] [det:art|a (mt:self interruption)],,,,,,,,,,MotherofWilliam_William020109_183
184,Mother,William020109,like an orange .,William,460.306,465.438,[],[1|0|INCROOT] [2|3|DET] [3|1|POBJ 4|1|PUNCT],[prep|like] [det:art|a] [n|orange .],,,,,,,,,,MotherofWilliam_William020109_184
185,Mother,William020109,like the fruit .,William,465.438,466.843,[],[1|0|INCROOT] [2|3|DET] [3|1|POBJ 4|1|PUNCT],[prep|like] [det:art|the] [n|fruit .],,,,,,,,,,MotherofWilliam_William020109_185
186,Mother,William020109,what's that look like ?,William,466.843,484.908,[],[1|2|SUBJ 2|0|ROOT] [3|4|SUBJ] [4|2|PRED] [5|4|JCT 6|2|PUNCT],[pro:int|what~cop|be&3S] [pro:dem|that] [v|look] [prep|like ?],,,,,,,,,,MotherofWilliam_William020109_186
187,Mother,William020109,"oh , no honey .",William,484.908,487.518,[],[1|4|COM 2|1|LP] [3|4|QUANT] [4|0|INCROOT 5|4|PUNCT],[co|oh cm|cm] [qn|no] [n|honey .],,,,,,,,,,MotherofWilliam_William020109_187
188,Mother,William020109,"yeah , this is (t:t:self interruption)",William,0.0,0.0,[],[1|4|COM 2|1|LP] [3|4|SUBJ] [4|0|ROOT 5|4|PUNCT],[co|yeah cm|cm] [pro:dem|this] [cop|be&3S (mt:self interruption)],,,,,,,,,,MotherofWilliam_William020109_188
189,Mother,William020109,that's not a (t:t:self interruption),William,0.0,0.0,[],[1|2|SUBJ 2|0|ROOT] [3|2|NEG] [4|2|PRED 5|2|PUNCT],[pro:dem|that~cop|be&3S] [neg|not] [det:art|a (mt:self interruption)],,,,,,,,,,MotherofWilliam_William020109_189
190,Mother,William020109,that's not like the fruit .,William,0.0,0.0,[],[1|2|SUBJ 2|0|ROOT] [3|2|NEG] [4|2|JCT] [5|6|DET] [6|4|POBJ 7|2|PUNCT],[pro:dem|that~cop|be&3S] [neg|not] [prep|like] [det:art|the] [n|fruit .],,,,,,,,,,MotherofWilliam_William020109_190
191,Mother,William020109,getcher (replacement:replacement:get your) (.) fingers out of your mouth .,William,488.991,495.986,[],[1|0|ROOT 2|3|MOD] [3|1|OBJ] [4|1|JCT] [5|4|JCT] [6|7|MOD] [7|5|POBJ 8|1|PUNCT],[v|get det:poss|your] [n|finger-PL] [adv|out] [prep|of] [det:poss|your] [n|mouth .],,,,,,,,,,MotherofWilliam_William020109_191
192,Mother,William020109,"okay , that's (t:t:trail off)",William,0.0,0.0,[],[1|4|COM 2|1|LP] [3|4|LINK 4|0|ROOT 5|4|PUNCT],[co|okay cm|cm] [pro:rel|that~aux|be&3S (mt:trail off)],,,,,,,,,,MotherofWilliam_William020109_192
193,William,William020109,xxx xxx .,William,495.986,501.906,[],[],[],,,,,,,,,,WilliamofWilliam_William020109_193
194,Mother,William020109,Mommy's (t:t:self interruption),William,0.0,0.0,[],[1|0|INCROOT 2|1|POSS 3|1|PUNCT],[n:prop|Mommy~poss|s (mt:self interruption)],,,,,,,,,,MotherofWilliam_William020109_194
195,Mother,William020109,maybe Mommy shouldn't've (replacement:replacement:should not have) said that .,William,0.0,0.0,[],[1|5|JCT] [2|5|SUBJ] [3|5|AUX 4|3|NEG 5|6|SUBJ] [6|0|ROOT] [7|6|OBJ 8|6|PUNCT],[adv|maybe] [n:prop|Mommy] [mod|should neg|not v|have] [v|say&PAST] [pro:dem|that .],,,,,,,,,,MotherofWilliam_William020109_195
196,Mother,William020109,"it's not like the fruit , William , it's just a crayon .",William,501.906,504.186,[],[1|2|SUBJ 2|0|ROOT] [3|2|NEG] [4|2|JCT] [5|6|DET] [6|4|POBJ 7|2|LP] [8|2|PRED 9|8|LP] [10|12|SUBJ 11|12|AUX] [12|2|PRED] [13|14|DET] [14|12|OBJ 15|2|PUNCT],[pro:per|it~cop|be&3S] [neg|not] [prep|like] [det:art|the] [n|fruit cm|cm] [n:prop|William cm|cm] [pro:per|it~aux|be&3S] [adj|just] [det:art|a] [n|crayon .],,,,,,,,,,MotherofWilliam_William020109_196
197,Mother,William020109,"crayons are not food , we don't eat them , they don't taste good .",William,504.186,507.065,[],[1|2|SUBJ] [2|0|ROOT] [3|2|NEG] [4|2|PRED 5|4|LP] [6|9|SUBJ] [7|9|AUX 8|7|NEG] [9|2|PRED] [10|9|OBJ 11|9|LP] [12|15|SUBJ] [13|15|AUX 14|13|NEG] [15|9|COMP] [16|15|JCT 17|2|PUNCT],[n|crayon-PL] [cop|be&PRES] [neg|not] [n|food cm|cm] [pro:sub|we] [mod|do~neg|not] [v|eat] [pro:obj|them cm|cm] [pro:sub|they] [mod|do~neg|not] [v|taste] [adj|good .],,,,,,,,,,MotherofWilliam_William020109_197
198,Mother,William020109,okay ?,William,507.065,508.306,[],[1|0|INCROOT 2|1|PUNCT],[co|okay ?],,,,,,,,,,MotherofWilliam_William020109_198
199,Mother,William020109,they're just to color with .,William,508.306,510.38,[],[1|2|SUBJ 2|0|ROOT] [3|2|JCT] [4|5|INF] [5|3|XCOMP] [6|5|JCT 7|2|PUNCT],[pro:sub|they~aux|be&PRES] [adv|just] [inf|to] [v|color] [prep|with .],,,,,,,,,,MotherofWilliam_William020109_199
200,Mother,William020109,wouldja (replacement:replacement:would you) like some apple ?,William,510.38,513.38,[],[1|3|AUX 2|3|SUBJ] [3|0|ROOT] [4|5|QUANT] [5|3|OBJ 6|3|PUNCT],[mod|will&COND pro:per|you] [v|like] [qn|some] [n|apple ?],,,,,,,,,,MotherofWilliam_William020109_200
201,Mother,William020109,William ?,William,513.38,514.313,[],[1|0|INCROOT 2|1|PUNCT],[n:prop|William ?],,,,,,,,,,MotherofWilliam_William020109_201
202,William,William020109,no .,William,514.313,515.586,[],[1|0|INCROOT 2|1|PUNCT],[co|no .],,,,,,,,,,WilliamofWilliam_William020109_202
203,Mother,William020109,dyou (replacement:replacement:do you) want some toast ?,William,515.586,517.307,[],[1|3|AUX 2|3|SUBJ] [3|0|ROOT] [4|5|QUANT] [5|3|OBJ 6|3|PUNCT],[mod|do pro:per|you] [v|want] [qn|some] [n|toast ?],,,,,,,,,,MotherofWilliam_William020109_203
204,Mother,William020109,"William how <a>bout some pineapple , you want some pineapple ?",William,517.307,545.506,[],[1|2|SUBJ] [2|8|LINK] [3|2|JCT] [4|5|QUANT] [5|3|POBJ 6|2|LP] [7|8|SUBJ] [8|0|ROOT] [9|10|QUANT] [10|8|OBJ 11|8|PUNCT],[n:prop|William] [adv:int|how] [prep|about] [qn|some] [n|pineapple cm|cm] [pro:per|you] [v|want] [qn|some] [n|pineapple ?],,,,,,,,,,MotherofWilliam_William020109_204
205,William,William020109,yeah .,William,545.506,547.441,[],[1|0|INCROOT 2|1|PUNCT],[co|yeah .],,,,,,,,,,WilliamofWilliam_William020109_205
206,William,William020109,okay .,William,547.441,550.115,[],[1|0|INCROOT 2|1|PUNCT],[co|okay .],,,,,,,,,,WilliamofWilliam_William020109_206
207,Mother,William020109,okay .,William,0.0,0.0,[],[1|0|INCROOT 2|1|PUNCT],[co|okay .],,,,,,,,,,MotherofWilliam_William020109_207
208,William,William020109,okay .,William,550.115,553.048,[],[1|0|INCROOT 2|1|PUNCT],[co|okay .],,,,,,,,,,WilliamofWilliam_William020109_208
209,Mother,William020109,o:kay .,William,553.048,639.0,[],[1|0|INCROOT 2|1|PUNCT],[co|okay .],,,,,,,,,,MotherofWilliam_William020109_209
210,William,William020109,mom .,William,639.0,641.45,[],[1|0|INCROOT 2|1|PUNCT],[n|mom .],,,,,,,,,,WilliamofWilliam_William020109_210
211,Mother,William020109,yeah .,William,0.0,0.0,[],[1|0|INCROOT 2|1|PUNCT],[co|yeah .],,,,,,,,,,MotherofWilliam_William020109_211
212,Mother,William020109,you know what ?,William,0.0,0.0,[],[1|2|SUBJ] [2|0|ROOT] [3|2|OBJ 4|2|PUNCT],[pro:per|you] [v|know] [pro:int|what ?],,,,,,,,,,MotherofWilliam_William020109_212
213,William,William020109,yyy { blue (?) } .,William,641.45,643.901,[],[] [1|0|INCROOT 2|1|PUNCT],[] [adj|blue .],,,,,,,,,,WilliamofWilliam_William020109_213
214,Mother,William020109,"you're not gonna like this pineapple , it's bitter .",William,643.901,647.241,[],[1|5|SUBJ 2|5|AUX] [3|2|NEG] [4|5|AUX] [5|0|ROOT] [6|7|DET] [7|5|OBJ 8|7|LP] [9|10|SUBJ 10|7|CMOD] [11|10|PRED 12|5|PUNCT],[pro:per|you~aux|be&PRES] [neg|not] [mod:aux|gonna] [v|like] [pro:dem|this] [n|pineapple cm|cm] [pro:per|it~cop|be&3S] [adj|bitter .],,,,,,,,,,MotherofWilliam_William020109_214
215,Mother,William020109,"I'm not giving it to you , because (t:t:trail off)",William,647.241,653.778,[],[1|2|SUBJ 2|0|ROOT] [3|2|NEG] [4|2|PRED] [5|4|OBJ] [6|4|JCT] [7|6|POBJ 8|7|LP] [9|2|PRED 10|2|PUNCT],[pro:sub|I~cop|be&1S] [neg|not] [part|give-PRESP] [pro:per|it] [prep|to] [pro:per|you cm|cm] [conj|because (mt:trail off)],,,,,,,,,,MotherofWilliam_William020109_215
216,Mother,William020109,I want you to eat pineapple .,William,653.778,657.576,[],[1|2|SUBJ] [2|0|ROOT] [3|2|OBJ] [4|5|INF] [5|2|XCOMP] [6|5|OBJ 7|2|PUNCT],[pro:sub|I] [v|want] [pro:per|you] [inf|to] [v|eat] [n|pineapple .],,,,,,,,,,MotherofWilliam_William020109_216
217,Mother,William020109,"o:h , look at these colors .",William,657.576,661.576,[],[1|3|COM 2|3|SUBJ] [3|0|ROOT] [4|3|JCT] [5|6|DET] [6|4|POBJ 7|3|PUNCT],[co|oh cm|cm] [v|look] [prep|at] [pro:dem|these] [n|color-PL .],,,,,,,,,,MotherofWilliam_William020109_217
218,Mother,William020109,"mm: , how <a>bout that William ?",William,661.576,665.513,[],[1|6|COM 2|1|LP] [3|6|LINK] [4|6|JCT] [5|6|LINK] [6|0|ROOT 7|6|PUNCT],[co|mm cm|cm] [adv:int|how] [adv|about] [pro:rel|that] [n:prop|William ?],,,,,,,,,,MotherofWilliam_William020109_218
219,Mother,William020109,who helped you make this ?,William,665.513,672.833,[],[1|2|LINK] [2|0|ROOT] [3|4|SUBJ] [4|2|COMP] [5|4|OBJ 6|2|PUNCT],[pro:int|who] [v|help-PAST] [pro:per|you] [v|make] [pro:dem|this ?],,,,,,,,,,MotherofWilliam_William020109_219
220,Mother,William020109,did you say you wanted the blue ?,William,672.833,675.305,[],[1|3|LINK] [2|3|SUBJ] [3|0|ROOT] [4|5|SUBJ] [5|3|COMP] [6|7|DET] [7|5|OBJ 8|3|PUNCT],[v|do&PAST] [pro:per|you] [v|say] [pro:per|you] [v|want-PAST] [det:art|the] [n|blue ?],,,,,,,,,,MotherofWilliam_William020109_220
221,Mother,William020109,I'll get it .,William,675.305,681.78,[],[1|3|SUBJ 2|3|AUX] [3|0|ROOT] [4|3|PRED 5|3|PUNCT],[pro:sub|I~mod|will] [aux|get] [pro:per|it .],,,,,,,,,,MotherofWilliam_William020109_221
222,Mother,William020109,"I'll get it , don't worry .",William,681.78,682.975,[],[1|4|SUBJ 2|4|AUX] [3|4|AUX] [4|8|SUBJ 5|4|LP] [6|8|AUX 7|6|NEG] [8|0|ROOT 9|8|PUNCT],[pro:sub|I~mod|will] [aux|get] [pro:per|it cm|cm] [mod|do~neg|not] [v|worry .],,,,,,,,,,MotherofWilliam_William020109_222
223,Mother,William020109,William what's this ?,William,682.975,708.0,[],[1|3|LINK] [2|3|SUBJ 3|0|ROOT] [4|3|PRED 5|3|PUNCT],[n:prop|William] [pro:int|what~cop|be&3S] [pro:dem|this ?],,,,,,,,,,MotherofWilliam_William020109_223
224,William,William020109,yyy yyy .,William,708.0,710.105,[],[],[],,,,,,,,,,WilliamofWilliam_William020109_224
225,William,William020109,fire+truck .,William,710.108,741.0,whispering[],[1|0|INCROOT 2|1|PUNCT],[n|+n|fire+n|truck .],,,,,,,,,,WilliamofWilliam_William020109_225
226,William,William020109,oh look red !,William,741.0,743.12,[],[1|3|COM] [2|3|COM] [3|0|INCROOT 4|3|PUNCT],[co|oh] [co|look] [n|red !],,,,,,,,,,WilliamofWilliam_William020109_226
227,William,William020109,yyy yyy .,William,743.12,746.715,whispering for second word[],[],[],,,,,,,,,,WilliamofWilliam_William020109_227
228,William,William020109,no .,William,746.715,748.705,[],[1|0|INCROOT 2|1|PUNCT],[co|no .],,,,,,,,,,WilliamofWilliam_William020109_228
229,William,William020109,bad .,William,748.705,751.706,[],[1|0|INCROOT 2|1|PUNCT],[adj|bad .],,,,,,,,,,WilliamofWilliam_William020109_229
230,William,William020109,oh look .,William,751.706,753.445,[],[1|2|COM] [2|0|INCROOT 3|2|PUNCT],[co|oh] [co|look .],,,,,,,,,,WilliamofWilliam_William020109_230
231,William,William020109,look .,William,753.445,754.701,[],[1|0|INCROOT 2|1|PUNCT],[co|look .],,,,,,,,,,WilliamofWilliam_William020109_231
232,William,William020109,outta (replacement:replacement:out of) paper .,William,754.701,757.841,[],[1|0|INCROOT 2|1|JCT] [3|2|POBJ 4|1|PUNCT],[adv|out prep|of] [n|paper .],,,,,,,,,,WilliamofWilliam_William020109_232
233,William,William020109,oh look .,William,757.841,760.308,[],[1|2|COM] [2|0|INCROOT 3|2|PUNCT],[co|oh] [co|look .],,,,,,,,,,WilliamofWilliam_William020109_233
234,William,William020109,oh look .,William,760.308,763.64,[],[1|2|COM] [2|0|INCROOT 3|2|PUNCT],[co|oh] [co|look .],,,,,,,,,,WilliamofWilliam_William020109_234
235,Mother,William020109,William .,William,763.64,769.11,[],[1|0|INCROOT 2|1|PUNCT],[n:prop|William .],,,,,,,,,,MotherofWilliam_William020109_235
236,Mother,William020109,what're (replacement:replacement:what are) you doing ?,William,769.11,770.91,[],[1|4|LINK 2|4|AUX] [3|4|SUBJ] [4|0|ROOT 5|4|PUNCT],[pro:int|what aux|be&PRES] [pro:per|you] [part|do-PRESP ?],,,,,,,,,,MotherofWilliam_William020109_236
237,William,William020109,yyy yyy .,William,770.91,772.92,[],[],[],,,,,,,,,,WilliamofWilliam_William020109_237
238,Mother,William020109,what did Mommy say ?,William,772.92,776.781,[],[1|4|LINK] [2|4|AUX] [3|4|SUBJ] [4|0|ROOT 5|4|PUNCT],[pro:int|what] [mod|do&PAST] [n:prop|Mommy] [v|say ?],,,,,,,,,,MotherofWilliam_William020109_238
239,William,William020109,yyy yyy draw a car .,William,776.781,784.838,[],[] [] [1|0|ROOT] [2|3|DET] [3|1|OBJ 4|1|PUNCT],[] [] [v|draw] [det:art|a] [n|car .],,,,,,,,,,WilliamofWilliam_William020109_239
240,Mother,William020109,you can draw a car .,William,784.838,786.376,[],[1|3|SUBJ] [2|3|AUX] [3|0|ROOT] [4|5|DET] [5|3|OBJ 6|3|PUNCT],[pro:per|you] [mod|can] [v|draw] [det:art|a] [n|car .],,,,,,,,,,MotherofWilliam_William020109_240
241,Mother,William020109,here you wanna draw a car ?,William,0.0,0.0,[],[1|4|JCT] [2|4|SUBJ] [3|4|AUX] [4|0|ROOT] [5|6|DET] [6|4|OBJ 7|4|PUNCT],[adv|here] [pro:per|you] [mod:aux|wanna] [v|draw] [det:art|a] [n|car ?],,,,,,,,,,MotherofWilliam_William020109_241
242,William,William020109,xxx .,William,786.376,787.978,"this was difficult to transcribe , as MOT was talking over CHI[]",[],[],,,,,,,,,,WilliamofWilliam_William020109_242
243,Mother,William020109,look .,William,787.978,788.915,[],[1|0|INCROOT 2|1|PUNCT],[co|look .],,,,,,,,,,MotherofWilliam_William020109_243
244,Mother,William020109,wanna draw this car ?,William,788.915,790.393,[],[1|2|AUX] [2|0|ROOT] [3|4|DET] [4|2|OBJ 5|2|PUNCT],[mod:aux|wanna] [v|draw] [pro:dem|this] [n|car ?],,,,,,,,,,MotherofWilliam_William020109_244
245,William,William020109,yeah .,William,790.393,798.0,[],[1|0|INCROOT 2|1|PUNCT],[co|yeah .],,,,,,,,,,WilliamofWilliam_William020109_245
246,Mother,William020109,okay .,William,0.0,0.0,[],[1|0|INCROOT 2|1|PUNCT],[co|okay .],,,,,,,,,,MotherofWilliam_William020109_246
247,William,William020109,wow car .,William,798.0,809.0,[],[1|2|COM] [2|0|INCROOT 3|2|PUNCT],[co|wow] [n|car .],,,,,,,,,,WilliamofWilliam_William020109_247
248,Mother,William020109,"wo:w , ca:r .",William,0.0,0.0,[],[1|0|INCROOT 2|1|LP] [3|1|ENUM 4|1|PUNCT],[co|wow cm|cm] [n|car .],,,,,,,,,,MotherofWilliam_William020109_248
249,William,William020109,truck !,William,809.0,811.655,[],[1|0|INCROOT 2|1|PUNCT],[n|truck !],,,,,,,,,,WilliamofWilliam_William020109_249
250,Mother,William020109,truck .,William,0.0,0.0,[],[1|0|INCROOT 2|1|PUNCT],[n|truck .],,,,,,,,,,MotherofWilliam_William020109_250
251,William,William020109,yyy truck .,William,811.655,813.851,[],[] [1|0|INCROOT 2|1|PUNCT],[] [n|truck .],,,,,,,,,,WilliamofWilliam_William020109_251
252,Mother,William020109,yeah .,William,0.0,0.0,[],[1|0|INCROOT 2|1|PUNCT],[co|yeah .],,,,,,,,,,MotherofWilliam_William020109_252
253,William,William020109,right here .,William,813.851,816.185,[],[1|2|JCT] [2|0|INCROOT 3|2|PUNCT],[adv|right] [adv|here .],,,,,,,,,,WilliamofWilliam_William020109_253
254,Mother,William020109,yea:h .,William,0.0,0.0,[],[1|0|INCROOT 2|1|PUNCT],[co|yeah .],,,,,,,,,,MotherofWilliam_William020109_254
255,Mother,William020109,you're right .,William,816.185,818.06,[],[1|3|SUBJ 2|3|AUX] [3|0|INCROOT 4|3|PUNCT],[pro:per|you~aux|be&PRES] [n|right .],,,,,,,,,,MotherofWilliam_William020109_255
256,William,William020109,truck .,William,818.06,819.195,[],[1|0|INCROOT 2|1|PUNCT],[n|truck .],,,,,,,,,,WilliamofWilliam_William020109_256
257,William,William020109,yyy { draw (?) } .,William,819.195,822.048,[],[] [1|0|ROOT 2|1|PUNCT],[] [v|draw .],,,,,,,,,,WilliamofWilliam_William020109_257
258,Mother,William020109,mhm .,William,0.0,0.0,[],[1|0|INCROOT 2|1|PUNCT],[co|yes .],,,,,,,,,,MotherofWilliam_William020109_258
259,Mother,William020109,what kind of (t:t:trail off),William,0.0,0.0,[],[1|0|INCROOT] [2|1|OBJ] [3|2|NJCT 4|1|PUNCT],[pro:int|what] [n|kind] [prep|of (mt:trail off)],,,,,,,,,,MotherofWilliam_William020109_259
260,William,William020109,yyy { truck (?) } .,William,822.048,825.705,[],[] [1|0|INCROOT 2|1|PUNCT],[] [n|truck .],,,,,,,,,,WilliamofWilliam_William020109_260
261,Mother,William020109,"well yeah , what's this one ?",William,0.0,0.0,[],[1|5|COM] [2|5|COM 3|2|LP] [4|5|SUBJ 5|0|ROOT] [6|7|DET] [7|5|PRED 8|5|PUNCT],[co|well] [co|yeah cm|cm] [pro:int|what~cop|be&3S] [pro:dem|this] [pro:indef|one ?],,,,,,,,,,MotherofWilliam_William020109_261
262,William,William020109,truck .,William,825.705,827.44,[],[1|0|INCROOT 2|1|PUNCT],[n|truck .],,,,,,,,,,WilliamofWilliam_William020109_262
263,Mother,William020109,what kind ?,William,0.0,0.0,[],[1|2|MOD] [2|0|INCROOT 3|2|PUNCT],[pro:int|what] [n|kind ?],,,,,,,,,,MotherofWilliam_William020109_263
264,William,William020109,ambulance .,William,827.44,829.843,[],[1|0|INCROOT 2|1|PUNCT],[n|ambulance .],,,,,,,,,,WilliamofWilliam_William020109_264
265,Mother,William020109,ambulance .,William,0.0,0.0,[],[1|0|INCROOT 2|1|PUNCT],[n|ambulance .],,,,,,,,,,MotherofWilliam_William020109_265
266,Mother,William020109,an<d> what about this one ?,William,829.843,831.641,[],[1|0|INCROOT] [2|1|COORD] [3|2|JCT] [4|5|DET] [5|3|POBJ 6|1|PUNCT],[coord|and] [pro:int|what] [prep|about] [pro:dem|this] [pro:indef|one ?],,,,,,,,,,MotherofWilliam_William020109_266
267,Mother,William020109,"these're (replacement:replacement:these are) yer (replacement:replacement:your) favorite ones William , what about this one ?",William,831.641,834.461,[],[1|2|SUBJ 2|0|ROOT] [3|4|MOD] [4|2|PRED] [5|6|QUANT] [6|4|APP 7|6|LP] [8|6|ENUM] [9|8|JCT] [10|11|DET] [11|9|POBJ 12|2|PUNCT],[pro:dem|these cop|be&PRES] [det:poss|your] [n|favorite] [det:num|one-PL] [n:prop|William cm|cm] [det:int|what] [prep|about] [pro:dem|this] [pro:indef|one ?],,,,,,,,,,MotherofWilliam_William020109_267
268,Mother,William020109,xxx that one ?,William,834.461,835.368,[],[] [1|2|DET] [2|0|INCROOT 3|2|PUNCT],[] [pro:dem|that] [pro:indef|one ?],,,,,,,,,,MotherofWilliam_William020109_268
269,Mother,William020109,"oh , we know what this one i:s , what's that one ?",William,835.368,847.0,[],[1|4|COM 2|1|LP] [3|4|SUBJ] [4|0|ROOT] [5|8|LINK] [6|7|DET] [7|8|SUBJ] [8|4|COMP 9|8|LP] [10|11|SUBJ 11|8|CJCT] [12|13|DET] [13|11|PRED 14|4|PUNCT],[co|oh cm|cm] [pro:sub|we] [v|know] [pro:int|what] [pro:dem|this] [pro:indef|one] [cop|be&3S cm|cm] [pro:int|what~cop|be&3S] [pro:dem|that] [pro:indef|one ?],,,,,,,,,,MotherofWilliam_William020109_269
270,William,William020109,xxx xxx xxx xxx xxx .,William,847.0,851.676,[],[],[],,,,,,,,,,WilliamofWilliam_William020109_270
271,Mother,William020109,"brrm@o , too:t toot !",William,0.0,0.0,[],[1|0|INCROOT 2|1|LP] [3|4|COM] [4|1|ENUM 5|1|PUNCT],[on|brrm cm|cm] [co|toot] [co|toot !],,,,,,,,,,MotherofWilliam_William020109_271
272,Mother,William020109,"brrm@o , too:t toot !",William,0.0,0.0,[],[1|0|INCROOT 2|1|LP] [3|4|COM] [4|1|ENUM 5|1|PUNCT],[on|brrm cm|cm] [co|toot] [co|toot !],,,,,,,,,,MotherofWilliam_William020109_272
273,William,William020109,my school+bus .,William,851.683,855.303,[],[1|2|MOD] [2|0|INCROOT 3|2|PUNCT],[det:poss|my] [n|+n|school+n|bus .],,,,,,,,,,WilliamofWilliam_William020109_273
274,Mother,William020109,your school bus ?,William,0.0,0.0,[],[1|3|MOD] [2|3|MOD] [3|0|INCROOT 4|3|PUNCT],[det:poss|your] [n|school] [n|bus ?],,,,,,,,,,MotherofWilliam_William020109_274
275,William,William020109,xxx .,William,855.303,857.72,"this was difficult to transcribe , as MOT was talking over CHI[]",[],[],,,,,,,,,,WilliamofWilliam_William020109_275
276,Mother,William020109,okay I'm gonna take this one then .,William,0.0,0.0,[],[1|5|COM] [2|5|SUBJ 3|5|AUX] [4|5|AUX] [5|0|ROOT] [6|7|DET] [7|5|OBJ] [8|7|PRED 9|5|PUNCT],[co|okay] [pro:sub|I~aux|be&1S] [mod:aux|gonna] [v|take] [pro:dem|this] [pro:indef|one] [adv:tem|then .],,,,,,,,,,MotherofWilliam_William020109_276
277,William,William020109,stop .,William,861.7,863.243,[],[1|0|INCROOT 2|1|PUNCT],[n|stop .],,,,,,,,,,WilliamofWilliam_William020109_277
278,Mother,William020109,"deedle_deedle_deedle_dee@si , deedle_deedle_deedle_dee@si (t:t:trail off)",William,0.0,0.0,[],[1|0|INCROOT 2|1|LP] [3|1|ENUM 4|1|PUNCT],[sing|deedle_deedle_deedle_dee cm|cm] [sing|deedle_deedle_deedle_dee (mt:trail off)],,,,,,,,,,MotherofWilliam_William020109_278
279,William,William020109,stop stop stop .,William,863.243,868.626,[],[1|3|MOD] [2|3|MOD] [3|0|INCROOT 4|3|PUNCT],[n|stop] [n|stop] [n|stop .],,,,,,,,,,WilliamofWilliam_William020109_279
280,Mother,William020109,stop ?,William,0.0,0.0,[],[1|0|INCROOT 2|1|PUNCT],[n|stop ?],,,,,,,,,,MotherofWilliam_William020109_280
281,Mother,William020109,oh (t:t:self interruption),William,0.0,0.0,[],[1|0|INCROOT 2|1|PUNCT],[co|oh (mt:self interruption)],,,,,,,,,,MotherofWilliam_William020109_281
282,Mother,William020109,okay I'm stopping .,William,0.0,0.0,[],[1|4|COM] [2|4|SUBJ 3|4|AUX] [4|0|ROOT 5|4|PUNCT],[co|okay] [pro:sub|I~aux|be&1S] [part|stop-PRESP .],,,,,,,,,,MotherofWilliam_William020109_282
283,William,William020109,yyy yyy yyy yyy .,William,868.626,874.32,[],[],[],,,,,,,,,,WilliamofWilliam_William020109_283
284,Mother,William020109,deedle_deedle_deedle_dee@si (t:t:trail off),William,0.0,0.0,[],[1|0|INCROOT 2|1|PUNCT],[sing|deedle_deedle_deedle_dee (mt:trail off)],,,,,,,,,,MotherofWilliam_William020109_284
285,Mother,William020109,what kind of truck (t:t:self interruption),William,0.0,0.0,[],[1|0|INCROOT] [2|1|OBJ] [3|2|NJCT] [4|3|POBJ 5|1|PUNCT],[pro:int|what] [n|kind] [prep|of] [n|truck (mt:self interruption)],,,,,,,,,,MotherofWilliam_William020109_285
286,William,William020109,yyy .,William,874.32,878.23,[],[],[],,,,,,,,,,WilliamofWilliam_William020109_286
287,Mother,William020109,what is (t:t:self interruption),William,0.0,0.0,[],[1|2|SUBJ] [2|0|ROOT 3|2|PUNCT],[pro:int|what] [cop|be&3S (mt:self interruption)],,,,,,,,,,MotherofWilliam_William020109_287
288,Mother,William020109,what's (t:t:self interruption),William,0.0,0.0,[],[1|2|LINK 2|0|ROOT 3|2|PUNCT],[pro:int|what~aux|be&3S (mt:self interruption)],,,,,,,,,,MotherofWilliam_William020109_288
289,Mother,William020109,what's Mommy doing ?,William,0.0,0.0,[],[1|4|LINK 2|4|AUX] [3|4|SUBJ] [4|0|ROOT 5|4|PUNCT],[pro:int|what~aux|be&3S] [n:prop|Mommy] [part|do-PRESP ?],,,,,,,,,,MotherofWilliam_William020109_289
290,Mother,William020109,what (t:t:self interruption),William,0.0,0.0,[],[1|0|INCROOT 2|1|PUNCT],[pro:int|what (mt:self interruption)],,,,,,,,,,MotherofWilliam_William020109_290
291,Mother,William020109,what is Mommy giving out ?,William,878.23,879.75,[],[1|2|LINK] [2|0|ROOT] [3|2|PRED] [4|3|XMOD] [5|4|JCT 6|2|PUNCT],[pro:int|what] [cop|be&3S] [n:prop|Mommy] [part|give-PRESP] [adv|out ?],,,,,,,,,,MotherofWilliam_William020109_291
292,Mother,William020109,doodle ooh doodle ooh doodle ee (t:t:self interruption),William,0.0,0.0,[],[1|2|SUBJ] [2|0|ROOT] [3|4|SUBJ] [4|2|COMP] [5|4|OBJ] [6|4|COM 7|2|PUNCT],[n|doodle] [v|ooh] [n|doodle] [v|ooh] [n|doodle] [co|ee (mt:self interruption)],,,,,,,,,,MotherofWilliam_William020109_292
293,Mother,William020109,what's (t:t:self interruption),William,0.0,0.0,[],[1|2|LINK 2|0|ROOT 3|2|PUNCT],[pro:int|what~aux|be&3S (mt:self interruption)],,,,,,,,,,MotherofWilliam_William020109_293
294,Mother,William020109,what're (replacement:replacement:what are) these ?,William,879.75,882.216,[],[1|3|LINK 2|3|AUX] [3|0|INCROOT 4|3|PUNCT],[pro:int|what aux|be&PRES] [pro:dem|these ?],,,,,,,,,,MotherofWilliam_William020109_294
295,William,William020109,ee .,William,882.216,884.45,[],[1|0|INCROOT 2|1|PUNCT],[co|ee .],,,,,,,,,,WilliamofWilliam_William020109_295
296,William,William020109,yyy { this (?) } .,William,884.45,885.835,[],[] [1|0|INCROOT 2|1|PUNCT],[] [pro:dem|this .],,,,,,,,,,WilliamofWilliam_William020109_296
297,Mother,William020109,school+bus .,William,885.835,887.308,[],[1|0|INCROOT 2|1|PUNCT],[n|+n|school+n|bus .],,,,,,,,,,MotherofWilliam_William020109_297
298,William,William020109,school+bus .,William,887.308,888.35,[],[1|0|INCROOT 2|1|PUNCT],[n|+n|school+n|bus .],,,,,,,,,,WilliamofWilliam_William020109_298
299,Mother,William020109,"school bus , yeah .",William,0.0,0.0,[],[1|2|MOD] [2|0|ROOT 3|2|LP] [4|2|ENUM 5|2|PUNCT],[n|school] [n|bus cm|cm] [co|yeah .],,,,,,,,,,MotherofWilliam_William020109_299
300,William,William020109,lee_dee_lee_lee@si .,William,888.35,892.22,[],[1|0|INCROOT 2|1|PUNCT],[sing|lee_dee_lee_lee .],,,,,,,,,,WilliamofWilliam_William020109_300
301,Mother,William020109,how <a>bout this one ?,William,0.0,0.0,[],[1|0|INCROOT] [2|1|JCT] [3|4|DET] [4|2|POBJ 5|1|PUNCT],[adv:int|how] [prep|about] [pro:dem|this] [pro:indef|one ?],,,,,,,,,,MotherofWilliam_William020109_301
302,William,William020109,lee lee .,William,892.22,894.81,[],[1|2|MOD] [2|0|ROOT 3|2|PUNCT],[n|lee] [n|lee .],,,,,,,,,,WilliamofWilliam_William020109_302
303,Mother,William020109,this one's the ambulance .,William,0.0,0.0,[],[1|2|DET] [2|5|SUBJ 3|5|AUX] [4|5|DET] [5|0|INCROOT 6|5|PUNCT],[pro:dem|this] [pro:indef|one~aux|be&3S] [det:art|the] [n|ambulance .],,,,,,,,,,MotherofWilliam_William020109_303
304,William,William020109,yyy lee lee lee lee .,William,894.81,898.31,[],[] [1|4|MOD] [2|4|MOD] [3|4|MOD] [4|0|ROOT 5|4|PUNCT],[] [n|lee] [n|lee] [n|lee] [n|lee .],,,,,,,,,,WilliamofWilliam_William020109_304
305,Mother,William020109,this one xxx (t:t:self interruption),William,0.0,0.0,[],[1|2|DET] [2|0|INCROOT] [3|2|PUNCT],[pro:dem|this] [pro:indef|one] [(mt:self interruption)],,,,,,,,,,MotherofWilliam_William020109_305
306,Mother,William020109,fire engine ?,William,0.0,0.0,[],[1|2|MOD] [2|0|ROOT 3|2|PUNCT],[n|fire] [n|engine ?],,,,,,,,,,MotherofWilliam_William020109_306
307,William,William020109,lee lee lee xxx .,William,898.31,903.893,[],[1|3|MOD] [2|3|MOD] [3|0|INCROOT] [4|3|PUNCT],[n|lee] [n|lee] [n|lee] [.],,,,,,,,,,WilliamofWilliam_William020109_307
308,Mother,William020109,I'll get a fire+engine .,William,0.0,0.0,[],[1|3|SUBJ 2|3|AUX] [3|0|ROOT] [4|5|DET] [5|3|OBJ 6|3|PUNCT],[pro:sub|I~mod|will] [v|get] [det:art|a] [n|+n|fire+n|engine .],,,,,,,,,,MotherofWilliam_William020109_308
309,Mother,William020109,fire+engine .,William,0.0,0.0,[],[1|0|INCROOT 2|1|PUNCT],[n|+n|fire+n|engine .],,,,,,,,,,MotherofWilliam_William020109_309
310,William,William020109,"a fire+engine , a fire+engine !",William,903.893,907.703,[],[1|2|DET] [2|0|INCROOT 3|2|LP] [4|5|DET] [5|2|ENUM 6|2|PUNCT],[det:art|a] [n|+n|fire+n|engine cm|cm] [det:art|a] [n|+n|fire+n|engine !],,,,,,,,,,WilliamofWilliam_William020109_310
311,William,William020109,oh fire+engine !,William,907.703,912.763,[],[1|2|COM] [2|0|INCROOT 3|2|PUNCT],[co|oh] [n|+n|fire+n|engine !],,,,,,,,,,WilliamofWilliam_William020109_311
312,Mother,William020109,fire+engi:ne !,William,0.0,0.0,[],[1|0|INCROOT 2|1|PUNCT],[n|+n|fire+n|engine !],,,,,,,,,,MotherofWilliam_William020109_312
313,William,William020109,{ fire+truck (?) } { right (?) } there .,William,912.763,916.521,[],[1|0|INCROOT] [2|3|JCT] [3|1|JCT 4|1|PUNCT],[n|+n|fire+n|truck] [adv|right] [adv|there .],,,,,,,,,,WilliamofWilliam_William020109_313
314,Mother,William020109,"yeah , it's right there .",William,0.0,0.0,[],[1|4|COM 2|1|LP] [3|4|SUBJ 4|0|ROOT] [5|6|JCT] [6|4|JCT 7|4|PUNCT],[co|yeah cm|cm] [pro:per|it~cop|be&3S] [adv|right] [adv|there .],,,,,,,,,,MotherofWilliam_William020109_314
315,Mother,William020109,how <a>bout the mail truck ?,William,916.521,918.961,[],[1|5|LINK] [2|5|JCT] [3|5|DET] [4|5|MOD] [5|0|ROOT 6|5|PUNCT],[adv:int|how] [adv|about] [det:art|the] [n|mail] [n|truck ?],,,,,,,,,,MotherofWilliam_William020109_315
316,William,William020109,what ?,William,918.961,920.991,[],[1|0|INCROOT 2|1|PUNCT],[pro:int|what ?],,,,,,,,,,WilliamofWilliam_William020109_316
317,Mother,William020109,what's this one ?,William,0.0,0.0,[],[1|2|SUBJ 2|0|ROOT] [3|4|DET] [4|2|PRED 5|2|PUNCT],[pro:int|what~cop|be&3S] [pro:dem|this] [pro:indef|one ?],,,,,,,,,,MotherofWilliam_William020109_317
318,William,William020109,mail truck mail truck .,William,920.991,927.185,"the first ""truck"" was whispered[]",[1|4|MOD] [2|4|MOD] [3|4|MOD] [4|0|ROOT 5|4|PUNCT],[n|mail] [n|truck] [n|mail] [n|truck .],,,,,,,,,,WilliamofWilliam_William020109_318
319,Mother,William020109,yeah this is (t:t:self interruption),William,0.0,0.0,[],[1|3|COM] [2|3|SUBJ] [3|0|ROOT 4|3|PUNCT],[co|yeah] [pro:dem|this] [cop|be&3S (mt:self interruption)],,,,,,,,,,MotherofWilliam_William020109_319
320,Mother,William020109,"this is the mail truck , for this (t:t:trail off)",William,0.0,0.0,[],[1|2|SUBJ] [2|0|ROOT] [3|5|DET] [4|5|MOD] [5|2|PRED 6|5|LP] [7|5|NJCT] [8|7|POBJ 9|2|PUNCT],[pro:dem|this] [cop|be&3S] [det:art|the] [n|mail] [n|truck cm|cm] [prep|for] [pro:dem|this (mt:trail off)],,,,,,,,,,MotherofWilliam_William020109_320
321,Mother,William020109,set .,William,927.185,928.455,[],[1|0|ROOT 2|1|PUNCT],[v|set&ZERO .],,,,,,,,,,MotherofWilliam_William020109_321
322,William,William020109,ah .,William,928.455,930.821,[],[1|0|INCROOT 2|1|PUNCT],[co|ah .],,,,,,,,,,WilliamofWilliam_William020109_322
323,Mother,William020109,dyou (replacement:replacement:do you) remember what this one is ?,William,930.821,933.566,[],[1|3|AUX 2|3|SUBJ] [3|0|ROOT] [4|7|LINK] [5|6|DET] [6|7|SUBJ] [7|3|COMP 8|3|PUNCT],[mod|do pro:per|you] [v|remember] [pro:int|what] [pro:dem|this] [pro:indef|one] [cop|be&3S ?],,,,,,,,,,MotherofWilliam_William020109_323
324,Mother,William020109,dyou (replacement:replacement:do you) remember what kind of car this one is ?,William,933.566,935.946,[],[1|3|AUX 2|3|SUBJ] [3|0|ROOT] [4|5|MOD] [5|3|OBJ] [6|5|NJCT] [7|6|POBJ] [8|9|DET] [9|10|SUBJ] [10|5|NJCT 11|3|PUNCT],[mod|do pro:per|you] [v|remember] [pro:int|what] [n|kind] [prep|of] [n|car] [pro:dem|this] [pro:indef|one] [cop|be&3S ?],,,,,,,,,,MotherofWilliam_William020109_324
325,Mother,William020109,we're not gonna color on these William right ?,William,0.0,0.0,[],[1|2|SUBJ 2|5|AUX] [3|2|NEG] [4|5|AUX] [5|0|ROOT] [6|5|JCT] [7|9|DET] [8|9|MOD] [9|6|POBJ 10|5|PUNCT],[pro:sub|we~aux|be&PRES] [neg|not] [mod:aux|gonna] [v|color] [prep|on] [pro:dem|these] [n:prop|William] [n|right ?],,,,,,,,,,MotherofWilliam_William020109_325
326,Mother,William020109,we're gonna color on the paper .,William,935.946,940.343,[],[1|4|SUBJ 2|4|AUX] [3|4|AUX] [4|0|ROOT] [5|4|JCT] [6|7|DET] [7|5|POBJ 8|4|PUNCT],[pro:sub|we~aux|be&PRES] [mod:aux|gonna] [v|color] [prep|on] [det:art|the] [n|paper .],,,,,,,,,,MotherofWilliam_William020109_326
327,Mother,William020109,please don't color on those .,William,940.343,941.966,[],[1|4|COM] [2|4|AUX 3|2|NEG] [4|0|ROOT] [5|4|JCT] [6|5|POBJ 7|4|PUNCT],[co|please] [mod|do~neg|not] [v|color] [prep|on] [pro:dem|those .],,,,,,,,,,MotherofWilliam_William020109_327
328,Mother,William020109,see I'm gonna take the color away then .,William,941.966,946.198,[],[1|5|COM] [2|5|SUBJ 3|5|AUX] [4|5|AUX] [5|0|ROOT] [6|7|DET] [7|5|OBJ] [8|9|JCT] [9|5|JCT 10|5|PUNCT],[co|see] [pro:sub|I~aux|be&1S] [mod:aux|gonna] [v|take] [det:art|the] [n|color] [adv|away] [adv:tem|then .],,,,,,,,,,MotherofWilliam_William020109_328
329,William,William020109,yyy color .,William,946.198,949.056,[],[] [1|0|INCROOT 2|1|PUNCT],[] [n|color .],,,,,,,,,,WilliamofWilliam_William020109_329
330,Mother,William020109,"alright , color on the paper .",William,0.0,0.0,[],[1|0|INCROOT 2|1|LP] [3|1|ENUM] [4|3|NJCT] [5|6|DET] [6|4|POBJ 7|1|PUNCT],[co|alright cm|cm] [n|color] [prep|on] [det:art|the] [n|paper .],,,,,,,,,,MotherofWilliam_William020109_330
331,Mother,William020109,"you wanna color , then I'll take the trucks away if you're gonna color on them .",William,949.056,952.121,[],[1|3|SUBJ] [2|3|AUX] [3|0|ROOT 4|3|LP] [5|8|JCT] [6|8|SUBJ 7|8|AUX] [8|3|COMP] [9|10|DET] [10|8|OBJ] [11|8|JCT] [12|14|LINK] [13|14|SUBJ 14|16|AUX] [15|16|AUX] [16|8|CJCT] [17|16|JCT] [18|17|POBJ 19|3|PUNCT],[pro:per|you] [mod:aux|wanna] [v|color cm|cm] [adv:tem|then] [pro:sub|I~mod|will] [v|take] [det:art|the] [n|truck-PL] [adv|away] [conj|if] [pro:per|you~cop|be&PRES] [mod:aux|gonna] [v|color] [prep|on] [pro:obj|them .],,,,,,,,,,MotherofWilliam_William020109_331
332,Mother,William020109,okay ?,William,0.0,0.0,[],[1|0|INCROOT 2|1|PUNCT],[co|okay ?],,,,,,,,,,MotherofWilliam_William020109_332
333,William,William020109,yyy color .,William,952.121,954.28,[],[] [1|0|INCROOT 2|1|PUNCT],[] [n|color .],,,,,,,,,,WilliamofWilliam_William020109_333
334,Mother,William020109,"you can color , you can color right here .",William,954.28,960.0,[],[1|3|SUBJ] [2|3|AUX] [3|0|INCROOT 4|3|LP] [5|7|MOD] [6|7|MOD] [7|3|CMOD] [8|9|JCT] [9|7|NJCT 10|3|PUNCT],[pro:per|you] [mod|can] [n|color cm|cm] [pro:per|you] [n|can] [n|color] [adv|right] [adv|here .],,,,,,,,,,MotherofWilliam_William020109_334
335,Mother,William020109,did you (t:t:self interruption),William,0.0,0.0,[],[1|0|ROOT] [2|1|OBJ 3|1|PUNCT],[v|do&PAST] [pro:per|you (mt:self interruption)],,,,,,,,,,MotherofWilliam_William020109_335
336,William,William020109,all done yyy (t:t:self interruption),William,960.0,962.92,[],[1|2|JCT] [2|0|ROOT] [3|2|PUNCT],[post|all] [part|do&PASTP] [(mt:self interruption)],,,,,,,,,,WilliamofWilliam_William020109_336
337,Mother,William020109,all done ?,William,0.0,0.0,[],[1|2|JCT] [2|0|ROOT 3|2|PUNCT],[post|all] [part|do&PASTP ?],,,,,,,,,,MotherofWilliam_William020109_337
338,William,William020109,yeah .,William,962.921,964.628,[],[1|0|INCROOT 2|1|PUNCT],[co|yeah .],,,,,,,,,,WilliamofWilliam_William020109_338
339,Mother,William020109,"okay , all done .",William,0.0,0.0,[],[1|4|COM 2|1|LP] [3|4|QUANT] [4|0|ROOT 5|4|PUNCT],[co|okay cm|cm] [qn|all] [part|do&PASTP .],,,,,,,,,,MotherofWilliam_William020109_339
340,Mother,William020109,wanna get down ?,William,964.628,965.521,[],[1|2|AUX] [2|0|ROOT] [3|2|JCT 4|2|PUNCT],[mod:aux|wanna] [v|get] [adv|down ?],,,,,,,,,,MotherofWilliam_William020109_340
341,Mother,William020109,"okay , gimme (replacement:replacement:give me) the crayons .",William,965.521,967.398,[],[1|3|COM 2|3|SUBJ] [3|0|ROOT 4|3|OBJ] [5|6|DET] [6|3|OBJ 7|3|PUNCT],[co|okay cm|cm] [v|give pro:obj|me] [det:art|the] [n|crayon-PL .],,,,,,,,,,MotherofWilliam_William020109_341
342,William,William020109,yyy { blue (?) } .,William,967.398,970.916,[],[] [1|0|INCROOT 2|1|PUNCT],[] [adj|blue .],,,,,,,,,,WilliamofWilliam_William020109_342
343,Mother,William020109,you want blue ?,William,970.916,971.85,[],[1|2|SUBJ] [2|0|ROOT] [3|2|OBJ 4|2|PUNCT],[pro:per|you] [v|want] [n|blue ?],,,,,,,,,,MotherofWilliam_William020109_343
344,William,William020109,yeah .,William,971.85,973.085,[],[1|0|INCROOT 2|1|PUNCT],[co|yeah .],,,,,,,,,,WilliamofWilliam_William020109_344
345,Mother,William020109,okay .,William,0.0,0.0,[],[1|0|INCROOT 2|1|PUNCT],[co|okay .],,,,,,,,,,MotherofWilliam_William020109_345
346,Mother,William020109,here's blue .,William,973.085,974.641,[],[1|2|SUBJ 2|0|ROOT] [3|2|PRED 4|2|PUNCT],[pro:exist|here~cop|be&3S] [n|blue .],,,,,,,,,,MotherofWilliam_William020109_346
347,William,William020109,yyy yyy .,William,974.641,978.828,[],[],[],,,,,,,,,,WilliamofWilliam_William020109_347
348,William,William020109,xxx .,William,978.828,981.451,[],[],[],,,,,,,,,,WilliamofWilliam_William020109_348
349,Mother,William020109,we're looking for the green .,William,0.0,0.0,[],[1|3|SUBJ 2|3|AUX] [3|0|ROOT] [4|3|JCT] [5|6|DET] [6|4|POBJ 7|3|PUNCT],[pro:sub|we~aux|be&PRES] [part|look-PRESP] [prep|for] [det:art|the] [n|green .],,,,,,,,,,MotherofWilliam_William020109_349
350,Mother,William020109,what happened to the green William ?,William,981.451,983.278,[],[1|2|LINK] [2|0|ROOT] [3|2|JCT] [4|5|DET] [5|3|POBJ] [6|5|APP 7|2|PUNCT],[pro:int|what] [v|happen-PAST] [prep|to] [det:art|the] [n|green] [n:prop|William ?],,,,,,,,,,MotherofWilliam_William020109_350
351,Mother,William020109,"there it is , it's on the floor .",William,983.278,984.913,[],[1|3|JCT] [2|3|SUBJ] [3|0|ROOT 4|3|LP] [5|3|PUNCT 6|5|INCROOT] [7|6|JCT] [8|9|DET] [9|7|POBJ 10|6|PUNCT],[adv|there] [pro:per|it] [cop|be&3S cm|cm] [pro:per|it~aux|be&3S] [prep|on] [det:art|the] [n|floor .],,,,,,,,,,MotherofWilliam_William020109_351
352,William,William020109,{ is (?) } { it (?) } on the floor { green (?) } ?,William,984.913,990.363,[],[1|0|INCROOT] [2|1|OBJ] [3|2|JCT] [4|6|DET] [5|6|MOD] [6|3|POBJ 7|1|PUNCT],[aux|be&3S] [pro:per|it] [prep|on] [det:art|the] [n|floor] [n|green ?],,,,,,,,,,WilliamofWilliam_William020109_352
353,Mother,William020109,"on the floor , yep .",William,0.0,0.0,[],[1|0|INCROOT] [2|3|DET] [3|1|POBJ 4|1|LP] [5|1|ENUM 6|1|PUNCT],[prep|on] [det:art|the] [n|floor cm|cm] [co|yep .],,,,,,,,,,MotherofWilliam_William020109_353
354,Mother,William020109,on the floor .,William,990.363,992.035,[],[1|0|INCROOT] [2|3|DET] [3|1|POBJ 4|1|PUNCT],[prep|on] [det:art|the] [n|floor .],,,,,,,,,,MotherofWilliam_William020109_354
355,William,William020109,on the floor .,William,992.035,997.055,[],[1|0|INCROOT] [2|3|DET] [3|1|POBJ 4|1|PUNCT],[prep|on] [det:art|the] [n|floor .],,,,,,,,,,WilliamofWilliam_William020109_355
356,Mother,William020109,I (t:t:self interruption),William,0.0,0.0,[],[1|0|INCROOT 2|1|PUNCT],[pro:sub|I (mt:self interruption)],,,,,,,,,,MotherofWilliam_William020109_356
357,Mother,William020109,"but it's not on the floor anymo:re , I picked it up .",William,0.0,0.0,[],[1|3|LINK] [2|3|SUBJ 3|11|CJCT] [4|3|NEG] [5|3|JCT] [6|7|DET] [7|5|POBJ] [8|3|JCT 9|3|LP] [10|11|SUBJ] [11|0|ROOT] [12|11|OBJ] [13|11|JCT 14|11|PUNCT],[conj|but] [pro:per|it~cop|be&3S] [neg|not] [prep|on] [det:art|the] [n|floor] [adv|anymore cm|cm] [pro:sub|I] [v|pick-PAST] [pro:per|it] [adv|up .],,,,,,,,,,MotherofWilliam_William020109_357
358,William,William020109,yyy truck .,William,997.055,999.496,[],[] [1|0|INCROOT 2|1|PUNCT],[] [n|truck .],,,,,,,,,,WilliamofWilliam_William020109_358
359,William,William020109,yyy dump truck .,William,999.496,1001.216,[],[] [1|2|MOD] [2|0|ROOT 3|2|PUNCT],[] [n|dump] [n|truck .],,,,,,,,,,WilliamofWilliam_William020109_359
360,Mother,William020109,you want yer (replacement:replacement:your) dumptruck ?,William,1001.216,1002.583,[],[1|2|SUBJ] [2|0|ROOT] [3|4|MOD] [4|2|OBJ 5|2|PUNCT],[pro:per|you] [v|want] [det:poss|your] [n|+n|dump+n|truck ?],,,,,,,,,,MotherofWilliam_William020109_360
361,William,William020109,yeah .,William,1002.583,1004.958,[],[1|0|INCROOT 2|1|PUNCT],[co|yeah .],,,,,,,,,,WilliamofWilliam_William020109_361
362,Mother,William020109,"okay , you can go find it .",William,0.0,0.0,[],[1|6|COM 2|1|LP] [3|6|SUBJ] [4|6|AUX] [5|6|SUBJ] [6|0|ROOT] [7|6|OBJ 8|6|PUNCT],[co|okay cm|cm] [pro:per|you] [mod|can] [v|go] [v|find] [pro:per|it .],,,,,,,,,,MotherofWilliam_William020109_362
363,Mother,William020109,"but here , give me the (t:t:self interruption)",William,0.0,0.0,[],[1|4|LINK] [2|4|JCT 3|2|LP] [4|0|ROOT] [5|4|OBJ] [6|7|DET 7|4|PUNCT],[conj|but] [adv|here cm|cm] [v|give] [pro:obj|me] [det:art|the (mt:self interruption)],,,,,,,,,,MotherofWilliam_William020109_363
364,Mother,William020109,Mommy the crayon an<d> I'll getcha (replacement:replacement:get you) down .,William,1004.958,1008.025,[],[1|0|INCROOT] [2|3|DET] [3|1|OBJ] [4|8|LINK] [5|8|SUBJ 6|8|AUX] [7|8|AUX 8|3|CMOD] [9|8|JCT 10|1|PUNCT],[n:prop|Mommy] [det:art|the] [n|crayon] [coord|and] [pro:sub|I~mod|will] [aux|get pro:per|you] [adv|down .],,,,,,,,,,MotherofWilliam_William020109_364
365,Mother,William020109,okay ?,William,0.0,0.0,[],[1|0|INCROOT 2|1|PUNCT],[co|okay ?],,,,,,,,,,MotherofWilliam_William020109_365
366,William,William020109,yyy xxx .,William,1008.025,1016.498,CHI pounds the table a number[],[],[],,,,,,,,,,WilliamofWilliam_William020109_366
367,Mother,William020109,did we go to the park yesterday ?,William,0.0,0.0,[],[1|3|AUX] [2|3|SUBJ] [3|0|ROOT] [4|3|JCT] [5|6|DET] [6|4|POBJ] [7|3|JCT 8|3|PUNCT],[mod|do&PAST] [pro:sub|we] [v|go] [prep|to] [det:art|the] [n|park] [adv:tem|yesterday ?],,,,,,,,,,MotherofWilliam_William020109_367
368,William,William020109,yyy .,William,1016.498,1017.855,[],[],[],,,,,,,,,,WilliamofWilliam_William020109_368
369,William,William020109,Duke .,William,1017.855,1019.225,[],[1|0|INCROOT 2|1|PUNCT],[n:prop|Duke .],,,,,,,,,,WilliamofWilliam_William020109_369
370,William,William020109,yyy Duke .,William,1019.225,1021.365,[],[] [1|0|INCROOT 2|1|PUNCT],[] [n:prop|Duke .],,,,,,,,,,WilliamofWilliam_William020109_370
371,Mother,William020109,oh you wanna see Duke ?,William,0.0,0.0,[],[1|4|COM] [2|4|SUBJ] [3|4|AUX] [4|0|ROOT] [5|4|OBJ 6|4|PUNCT],[co|oh] [pro:per|you] [mod:aux|wanna] [v|see] [n:prop|Duke ?],,,,,,,,,,MotherofWilliam_William020109_371
372,William,William020109,okay .,William,1021.365,1023.49,[],[1|0|INCROOT 2|1|PUNCT],[co|okay .],,,,,,,,,,WilliamofWilliam_William020109_372
373,Mother,William020109,we're gonna see Duke .,William,0.0,0.0,[],[1|4|SUBJ 2|4|AUX] [3|4|AUX] [4|0|ROOT] [5|4|OBJ 6|4|PUNCT],[pro:sub|we~aux|be&PRES] [mod:aux|gonna] [v|see] [n:prop|Duke .],,,,,,,,,,MotherofWilliam_William020109_373
374,William,William020109,yyy Duke .,William,1023.49,1025.35,[],[] [1|0|INCROOT 2|1|PUNCT],[] [n:prop|Duke .],,,,,,,,,,WilliamofWilliam_William020109_374
375,William,William020109,Duke's yyy yyy .,William,1025.35,1029.28,[],[1|0|INCROOT 2|1|POSS] [] [3|1|PUNCT],[n:prop|Duke~poss|s] [] [.],,,,,,,,,,WilliamofWilliam_William020109_375
376,William,William020109,yyy yyy .,William,1029.28,1030.593,[],[],[],,,,,,,,,,WilliamofWilliam_William020109_376
377,William,William020109,look .,William,1030.593,1031.895,[],[1|0|INCROOT 2|1|PUNCT],[co|look .],,,,,,,,,,WilliamofWilliam_William020109_377
378,Mother,William020109,look .,William,0.0,0.0,[],[1|0|INCROOT 2|1|PUNCT],[co|look .],,,,,,,,,,MotherofWilliam_William020109_378
379,William,William020109,Duke yyy yyy .,William,1031.895,1034.363,[],[1|0|INCROOT] [] [2|1|PUNCT],[n:prop|Duke] [] [.],,,,,,,,,,WilliamofWilliam_William020109_379
380,William,William020109,look .,William,1034.363,1037.78,[],[1|0|INCROOT 2|1|PUNCT],[co|look .],,,,,,,,,,WilliamofWilliam_William020109_380
381,William,William020109,Duke trucks .,William,1037.78,1039.944,[],[1|2|SUBJ] [2|0|ROOT 3|2|PUNCT],[n:prop|Duke] [v|truck-3S .],,,,,,,,,,WilliamofWilliam_William020109_381
382,Mother,William020109,Duke trucks ?,William,1039.944,1041.165,[],[1|2|SUBJ] [2|0|ROOT 3|2|PUNCT],[n:prop|Duke] [v|truck-3S ?],,,,,,,,,,MotherofWilliam_William020109_382
383,Mother,William020109,oh you wanna show yer (replacement:replacement:your) trucks to Duke ?,William,1041.165,1043.316,[],[1|4|COM] [2|4|SUBJ] [3|4|AUX] [4|0|ROOT] [5|6|MOD] [6|4|OBJ] [7|4|JCT] [8|7|POBJ 9|4|PUNCT],[co|oh] [pro:per|you] [mod:aux|wanna] [v|show] [det:poss|your] [n|truck-PL] [prep|to] [n:prop|Duke ?],,,,,,,,,,MotherofWilliam_William020109_383
384,Mother,William020109,is that what you're saying ?,William,1043.316,1044.425,[],[1|6|AUX] [2|1|SUBJ] [3|6|LINK] [4|6|SUBJ 5|6|AUX] [6|0|ROOT 7|6|PUNCT],[cop|be&3S] [pro:dem|that] [pro:int|what] [pro:per|you~aux|be&PRES] [part|say-PRESP ?],,,,,,,,,,MotherofWilliam_William020109_384
385,William,William020109,{ Duke (?) } yyy { truck (?) } .,William,1044.425,1046.566,[],[1|2|MOD] [] [2|0|INCROOT 3|2|PUNCT],[n:prop|Duke] [] [n|truck .],,,,,,,,,,WilliamofWilliam_William020109_385
386,William,William020109,{ the (?) } { dumptruck (?) } yyy trucks .,William,1046.566,1050.685,[],[1|2|DET] [2|3|SUBJ] [] [3|0|ROOT 4|3|PUNCT],[det:art|the] [n|+n|dump+n|truck] [] [v|truck-3S .],,,,,,,,,,WilliamofWilliam_William020109_386
387,Mother,William020109,the dumptruck an<d> the trucks ?,William,0.0,0.0,[],[1|2|DET] [2|0|INCROOT] [3|2|CONJ] [4|5|DET] [5|3|COORD 6|2|PUNCT],[det:art|the] [n|+n|dump+n|truck] [coord|and] [det:art|the] [n|truck-PL ?],,,,,,,,,,MotherofWilliam_William020109_387
388,Mother,William020109,what about the trains ?,William,1050.685,1052.235,[],[1|4|LINK] [2|4|JCT] [3|4|DET] [4|0|INCROOT 5|4|PUNCT],[pro:int|what] [adv|about] [det:art|the] [n|train-PL ?],,,,,,,,,,MotherofWilliam_William020109_388
389,Mother,William020109,what about that train table that you have there ?,William,1052.235,1055.57,[],[1|0|INCROOT] [2|1|JCT] [3|5|DET] [4|5|MOD] [5|2|POBJ] [6|8|LINK] [7|8|SUBJ] [8|5|CMOD] [9|8|JCT 10|1|PUNCT],[pro:int|what] [prep|about] [pro:dem|that] [n|train] [n|table] [pro:rel|that] [pro:per|you] [v|have] [adv|there ?],,,,,,,,,,MotherofWilliam_William020109_389
390,Mother,William020109,dyou (replacement:replacement:do you) remember that ?,William,0.0,0.0,[],[1|3|AUX 2|3|SUBJ] [3|0|ROOT] [4|3|OBJ 5|3|PUNCT],[mod|do pro:per|you] [v|remember] [pro:dem|that ?],,,,,,,,,,MotherofWilliam_William020109_390
391,William,William020109,okay .,William,1055.57,1058.696,[],[1|0|INCROOT 2|1|PUNCT],[co|okay .],,,,,,,,,,WilliamofWilliam_William020109_391
392,Mother,William020109,"okay , yeah .",William,0.0,0.0,[],[1|0|INCROOT 2|1|LP] [3|1|ENUM 4|1|PUNCT],[co|okay cm|cm] [co|yeah .],,,,,,,,,,MotherofWilliam_William020109_392
393,William,William020109,xxx .,William,1058.696,1063.325,background noise and MOT's talking made this difficult to discern[],[],[],,,,,,,,,,WilliamofWilliam_William020109_393
394,Mother,William020109,oka:y .,William,0.0,0.0,[],[1|0|INCROOT 2|1|PUNCT],[co|okay .],,,,,,,,,,MotherofWilliam_William020109_394
395,Mother,William020109,"yea:h , let's go see that train table .",William,0.0,0.0,[],[1|0|INCROOT 2|1|LP] [3|1|ENUM 4|3|OBJ] [5|3|XCOMP] [6|9|COM] [7|9|MOD] [8|9|MOD] [9|5|OBJ 10|1|PUNCT],[co|yeah cm|cm] [v|let~pro:obj|us] [v|go] [co|see] [det:dem|that] [n|train] [n|table .],,,,,,,,,,MotherofWilliam_William020109_395
396,William,William020109,yyy { come (?) } { back (?) } .,William,1063.325,1065.498,[],[] [1|0|ROOT] [2|1|JCT 3|1|PUNCT],[] [v|come] [adv|back .],,,,,,,,,,WilliamofWilliam_William020109_396
397,William,William020109,yyy .,William,1065.498,1066.768,[],[],[],,,,,,,,,,WilliamofWilliam_William020109_397
398,William,William020109,yyy .,William,1066.768,1068.311,[],[],[],,,,,,,,,,WilliamofWilliam_William020109_398
399,William,William020109,yyy yyy .,William,1068.311,1070.46,[],[],[],,,,,,,,,,WilliamofWilliam_William020109_399
400,William,William020109,yyy .,William,1070.46,1071.786,[],[],[],,,,,,,,,,WilliamofWilliam_William020109_400
401,William,William020109,yyy yyy .,William,1071.786,1074.746,[],[],[],,,,,,,,,,WilliamofWilliam_William020109_401
402,William,William020109,yyy { trucks (?) } .,William,1074.746,1077.216,[],[] [1|0|INCROOT 2|1|PUNCT],[] [n|truck-PL .],,,,,,,,,,WilliamofWilliam_William020109_402
403,Mother,William020109,there it is .,William,0.0,0.0,[],[1|3|JCT] [2|3|SUBJ] [3|0|ROOT 4|3|PUNCT],[adv|there] [pro:per|it] [cop|be&3S .],,,,,,,,,,MotherofWilliam_William020109_403
404,Mother,William020109,did you see him put it together ?,William,1077.216,1080.998,to OPE,[1|0|ROOT] [2|1|OBJ] [3|1|XCOMP] [4|3|OBJ] [5|3|XCOMP] [6|5|OBJ] [7|5|JCT 8|1|PUNCT],[v|do&PAST] [pro:per|you] [v|see] [pro:obj|him] [v|put&ZERO] [pro:per|it] [adv|together ?],,,,,,,,,,MotherofWilliam_William020109_404
405,Mother,William020109,I'm gonna (.) put that upstairs .,William,1080.998,1085.503,[],[1|4|SUBJ 2|4|AUX] [3|4|AUX] [4|0|ROOT] [5|4|OBJ] [6|4|JCT 7|4|PUNCT],[pro:sub|I~aux|be&1S] [mod:aux|gonna] [v|put&ZERO] [pro:dem|that] [adv|upstairs .],,,,,,,,,,MotherofWilliam_William020109_405
406,Mother,William020109,yeah .,William,1085.503,1086.925,[],[1|0|INCROOT 2|1|PUNCT],[co|yeah .],,,,,,,,,,MotherofWilliam_William020109_406
407,William,William020109,mom .,William,1086.925,1088.676,[],[1|0|INCROOT 2|1|PUNCT],[n|mom .],,,,,,,,,,WilliamofWilliam_William020109_407
408,Mother,William020109,"not the train table , but the (.) other piece .",William,1088.676,1090.825,[],[1|4|NEG] [2|4|DET] [3|4|MOD] [4|0|ROOT 5|4|LP] [6|4|CONJ] [7|9|DET] [8|9|QUANT] [9|6|COORD 10|4|PUNCT],[neg|not] [det:art|the] [n|train] [n|table cm|cm] [conj|but] [det:art|the] [qn|other] [n|piece .],,,,,,,,,,MotherofWilliam_William020109_408
409,Mother,William020109,so the train (t:t:self interruption),William,0.0,0.0,[],[1|3|COM] [2|3|DET] [3|0|INCROOT 4|3|PUNCT],[co|so] [det:art|the] [n|train (mt:self interruption)],,,,,,,,,,MotherofWilliam_William020109_409
410,Mother,William020109,so xxx (t:t:self interruption),William,0.0,0.0,[],[1|0|INCROOT] [2|1|PUNCT],[co|so] [(mt:self interruption)],,,,,,,,,,MotherofWilliam_William020109_410
411,Mother,William020109,to get more room .,William,0.0,0.0,[],[1|2|INF] [2|0|ROOT] [3|4|QUANT] [4|2|OBJ 5|2|PUNCT],[inf|to] [v|get] [qn|more] [n|room .],,,,,,,,,,MotherofWilliam_William020109_411
412,William,William020109,yyy yyy .,William,1090.825,1096.716,[],[],[],,,,,,,,,,WilliamofWilliam_William020109_412
413,Mother,William020109,William an<d> Mommy put it together this weekend .,William,1096.718,1103.156,[],[1|4|SUBJ] [2|1|CONJ] [3|2|COORD] [4|0|ROOT] [5|4|OBJ] [6|4|JCT] [7|8|DET] [8|4|OBJ 9|4|PUNCT],[n:prop|William] [coord|and] [n:prop|Mommy] [v|put&ZERO] [pro:per|it] [adv|together] [pro:dem|this] [n|+n|week+n|end .],,,,,,,,,,MotherofWilliam_William020109_413
414,Mother,William020109,didn't we ?,William,1103.156,1108.593,[],[1|3|AUX 2|1|NEG] [3|0|INCROOT 4|3|PUNCT],[mod|do&PAST~neg|not] [pro:sub|we ?],,,,,,,,,,MotherofWilliam_William020109_414
415,Mother,William020109,an<d> here's some of your tools .,William,1108.593,1112.241,[],[1|3|LINK] [2|3|SUBJ 3|0|ROOT] [4|3|PRED] [5|4|NJCT] [6|7|MOD] [7|5|POBJ 8|3|PUNCT],[coord|and] [pro:exist|here~cop|be&3S] [qn|some] [prep|of] [det:poss|your] [n|tool-PL .],,,,,,,,,,MotherofWilliam_William020109_415
416,William,William020109,tools .,William,1112.241,1116.518,[],[1|0|INCROOT 2|1|PUNCT],[n|tool-PL .],,,,,,,,,,WilliamofWilliam_William020109_416
417,Mother,William020109,"yer (replacement:replacement:your) too:ls , right ?",William,0.0,0.0,[],[1|2|MOD] [2|0|INCROOT 3|2|LP] [4|2|ENUM 5|2|PUNCT],[det:poss|your] [n|tool-PL cm|cm] [n|right ?],,,,,,,,,,MotherofWilliam_William020109_417
418,Mother,William020109,here's some of yer (replacement:replacement:your) tools .,William,0.0,0.0,[],[1|2|SUBJ 2|0|ROOT] [3|2|PRED] [4|3|NJCT] [5|6|MOD] [6|4|POBJ 7|2|PUNCT],[pro:exist|here~cop|be&3S] [qn|some] [prep|of] [det:poss|your] [n|tool-PL .],,,,,,,,,,MotherofWilliam_William020109_418
419,William,William020109,xxx yyy yyy .,William,1116.518,1121.615,[],[],[],,,,,,,,,,WilliamofWilliam_William020109_419
420,Mother,William020109,oh you don't wanna play with yer (replacement:replacement:your) tools right now ?,William,0.0,0.0,[],[1|6|COM] [2|6|SUBJ] [3|6|AUX 4|3|NEG] [5|6|AUX] [6|0|ROOT] [7|6|JCT] [8|9|MOD] [9|7|POBJ] [10|11|JCT] [11|9|NJCT 12|6|PUNCT],[co|oh] [pro:per|you] [mod|do~neg|not] [mod:aux|wanna] [v|play] [prep|with] [det:poss|your] [n|tool-PL] [adv|right] [adv|now ?],,,,,,,,,,MotherofWilliam_William020109_420
421,Mother,William020109,okay .,William,1121.615,1122.688,[],[1|0|INCROOT 2|1|PUNCT],[co|okay .],,,,,,,,,,MotherofWilliam_William020109_421
422,Mother,William020109,we'll put the (t:t:self interruption),William,0.0,0.0,[],[1|3|SUBJ 2|3|AUX] [3|0|ROOT] [4|3|OBJ 5|3|PUNCT],[pro:sub|we~mod|will] [v|put&ZERO] [det:art|the (mt:self interruption)],,,,,,,,,,MotherofWilliam_William020109_422
423,Mother,William020109,we'll put the tools away .,William,1122.688,1124.426,[],[1|3|SUBJ 2|3|AUX] [3|0|ROOT] [4|5|DET] [5|3|OBJ] [6|3|JCT 7|3|PUNCT],[pro:sub|we~mod|will] [v|put&ZERO] [det:art|the] [n|tool-PL] [adv|away .],,,,,,,,,,MotherofWilliam_William020109_423
424,Mother,William020109,we'll put the tools away .,William,1124.426,1127.131,[],[1|3|SUBJ 2|3|AUX] [3|0|ROOT] [4|5|DET] [5|3|OBJ] [6|3|JCT 7|3|PUNCT],[pro:sub|we~mod|will] [v|put&ZERO] [det:art|the] [n|tool-PL] [adv|away .],,,,,,,,,,MotherofWilliam_William020109_424
425,Mother,William020109,didjou (replacement:replacement:did you) wanna play with the trains ?,William,1127.131,1129.955,[],[1|4|SUBJ 2|1|OBJ] [3|4|AUX] [4|0|ROOT] [5|4|JCT] [6|7|DET] [7|5|POBJ 8|4|PUNCT],[v|do&PAST pro:per|you] [mod:aux|wanna] [v|play] [prep|with] [det:art|the] [n|train-PL ?],,,,,,,,,,MotherofWilliam_William020109_425
426,Mother,William020109,who's (t:t:self interruption),William,0.0,0.0,[],[1|2|SUBJ 2|0|ROOT 3|2|PUNCT],[pro:int|who~aux|be&3S (mt:self interruption)],,,,,,,,,,MotherofWilliam_William020109_426
427,Mother,William020109,who's this ?,William,0.0,0.0,[],[1|2|SUBJ 2|0|ROOT] [3|2|PRED 4|2|PUNCT],[pro:int|who~cop|be&3S] [pro:dem|this ?],,,,,,,,,,MotherofWilliam_William020109_427
428,William,William020109,xxx .,William,1129.955,1133.696,background noise and MOT's talking made this difficult to discern[],[],[],,,,,,,,,,WilliamofWilliam_William020109_428
429,Mother,William020109,"choo choo: , chuka@o chuka@o chuka@o chuka@o chuka@o (t:t:trail off)",William,1133.696,1139.363,[],[1|0|INCROOT] [2|1|CONJ 3|2|LP] [4|2|COORD] [5|4|CONJ] [6|5|COORD] [7|6|OBJ] [8|7|OM 9|1|PUNCT],[on|choo] [on|choo cm|cm] [on|chuka] [on|chuka] [on|chuka] [on|chuka] [on|chuka (mt:trail off)],,,,,,,,,,MotherofWilliam_William020109_429
430,William,William020109,hey hey xxx .,William,1139.363,1143.503,background noise and MOT's talking made this difficult to discern[],[1|2|COM] [2|0|INCROOT] [3|2|PUNCT],[co|hey] [co|hey] [.],,,,,,,,,,WilliamofWilliam_William020109_430
431,Mother,William020109,hey (t:t:trail off),William,0.0,0.0,[],[1|0|INCROOT 2|1|PUNCT],[co|hey (mt:trail off)],,,,,,,,,,MotherofWilliam_William020109_431
432,Mother,William020109,"it is , but I wanted to know who they were .",William,1143.503,1145.385,[],[1|2|SUBJ] [2|0|ROOT 3|2|LP] [4|6|LINK] [5|6|SUBJ] [6|2|CJCT] [7|8|INF] [8|6|XCOMP] [9|11|OBJ] [10|11|SUBJ] [11|8|COMP 12|2|PUNCT],[pro:per|it] [cop|be&3S cm|cm] [conj|but] [pro:sub|I] [v|want-PAST] [inf|to] [v|know] [pro:int|who] [pro:sub|they] [cop|be&PAST .],,,,,,,,,,MotherofWilliam_William020109_432
433,William,William020109,yyy yyy .,William,1145.385,1149.131,[],[],[],,,,,,,,,,WilliamofWilliam_William020109_433
434,Mother,William020109,"o:h , okay well I'll play with this one then .",William,0.0,0.0,[],[1|4|COM 2|1|LP] [3|4|MOD] [4|7|LINK] [5|7|SUBJ 6|7|AUX] [7|0|ROOT] [8|7|JCT] [9|10|DET] [10|7|COMP] [11|10|PRED 12|7|PUNCT],[co|oh cm|cm] [adj|okay] [n|well] [pro:sub|I~mod|will] [v|play] [prep|with] [pro:dem|this] [pro:indef|one] [adv:tem|then .],,,,,,,,,,MotherofWilliam_William020109_434
435,William,William020109,yyy .,William,1149.131,1151.025,[],[],[],,,,,,,,,,WilliamofWilliam_William020109_435
436,William,William020109,xxx water .,William,1151.025,1154.345,background noise made this difficult to discern[],[] [1|0|INCROOT 2|1|PUNCT],[] [n|water .],,,,,,,,,,WilliamofWilliam_William020109_436
437,William,William020109,yyy water xxx .,William,1154.345,1157.17,[],[] [1|0|INCROOT] [2|1|PUNCT],[] [n|water] [.],,,,,,,,,,WilliamofWilliam_William020109_437
438,William,William020109,yyy xxx water .,William,1157.17,1160.986,[],[] [] [1|0|INCROOT 2|1|PUNCT],[] [] [n|water .],,,,,,,,,,WilliamofWilliam_William020109_438
439,Mother,William020109,"the water , yeah .",William,0.0,0.0,[],[1|2|DET] [2|0|INCROOT 3|2|LP] [4|2|ENUM 5|2|PUNCT],[det:art|the] [n|water cm|cm] [co|yeah .],,,,,,,,,,MotherofWilliam_William020109_439
440,William,William020109,xxx .,William,1160.986,1167.16,[],[],[],,,,,,,,,,WilliamofWilliam_William020109_440
441,William,William020109,xxx .,William,1167.16,1169.218,[],[],[],,,,,,,,,,WilliamofWilliam_William020109_441
442,William,William020109,xxx water .,William,1169.218,1172.681,[],[] [1|0|INCROOT 2|1|PUNCT],[] [n|water .],,,,,,,,,,WilliamofWilliam_William020109_442
443,Mother,William020109,water .,William,1172.681,1177.15,[],[1|0|INCROOT 2|1|PUNCT],[n|water .],,,,,,,,,,MotherofWilliam_William020109_443
444,William,William020109,xxx .,William,1177.15,1179.445,[],[],[],,,,,,,,,,WilliamofWilliam_William020109_444
445,William,William020109,ah .,William,1179.445,1210.21,[],[1|0|INCROOT 2|1|PUNCT],[co|ah .],,,,,,,,,,WilliamofWilliam_William020109_445
446,Mother,William020109,ah .,William,0.0,0.0,[],[1|0|INCROOT 2|1|PUNCT],[co|ah .],,,,,,,,,,MotherofWilliam_William020109_446
